0,bitcoin
1,ethereum
2,tether
3,usdcoin
4,bnb
5,binance-usd
6,ripple
7,cardano
8,solana
9,dogecoin
10,polkadot
11,multicollateraldai
12,tron
13,shiba-inu
14,leobitfinex
15,wrapped-bitcoin
16,avalanche
17,lido-staked-ether
18,matic-network
19,litecoin
20,ftx-token
21,okb
22,chainlink
23,crypto-com-cro
24,stellar
25,cosmos
26,near-protocol
27,uniswap
28,algorand
29,monero
30,ethereum-classic
31,bitcoin-cash
32,chain-new
33,vechainthor
34,flow
35,ape-coin
36,frax_uniswap
37,hedera-hashgraph
38,sandbox
39,tezos
40,bit-dao
41,internet-computer
42,decentraland
43,theta-token
44,filecoin
45,true-usd
46,axie-infinity
47,elrond-gold
48,bitcoin-sv
49,helium-hnt
50,eos
51,paxos-standard-token
52,luna
53,kucoin-shares
54,maker
55,aave
56,neutrino-dollar
57,bittorrent-new
58,iota
59,quant
60,ecash
61,usdd
62,zcash
63,the-graph
64,klaytn
65,huobi-token
66,fantom
67,gatechain-token
68,radix-protocol
69,pax-gold
70,terra-usd
71,synthetix
72,basic-attention-token
73,neo
74,zilliqa
75,thor-chain
76,arweave
77,chiliz
78,waves
79,blockstack
80,stepn
81,loopring
82,dash
83,defichain
84,amp
85,evmos
86,tether-gold
87,enjin-coin
88,kusama
89,pancakeswap
90,gala
91,nem
92,kava
93,celo
94,ecomi
95,holo
96,fei-usd
97,celsius
98,mina-protocol
99,1inch
100,frax-share
101,compound
102,xdc-network
103,osmosis
104,nexo
105,decred
106,theta-fuel
107,iostoken
108,curve
109,maiar-dex
110,serum
111,olympus
112,qtum
113,symbol
114,gnosis-gno
115,safemoon-v2
116,terra-2
117,kadena
118,okexchain
119,bitcoin-gold
120,convex-finance
121,sportium
122,ravencoin
123,bora
124,trust-wallet-token
125,omisego
126,0x
127,audius
128,eurt
129,oasis-network
130,songbird
131,binaryx
132,iotex
133,golem-glm
134,baby-doge-coin
135,marinade
136,icon
137,ankr-network
138,lido-dao
139,kyber-network
140,ethereum-name-service
141,immutable-x
142,livepeer
143,nucypher
144,harmony
145,glimmer
146,hive-blockchain
147,ontology
148,just
149,ceek-vr
150,siacoin
151,mxc
152,magic-internet-money
153,wax
154,chia-network
155,sushi
156,titan
157,coinmetro-token
158,swipe
159,uma
160,tenset
161,swissborg
162,apenft
163,yearn-finance
164,rocket-pool
165,gemini-dollar
166,zencash
167,polymath-network
168,dogelon
169,liquity-usd
170,constellation
171,astar-network
172,secret
173,skale
174,casper
175,small-love-potion
176,dydx
177,balancer
178,playdapp
179,bitgert
180,lisk
181,digibyte
182,origin-protocol
183,juno-network
184,mineplex
185,looksrare
186,reserve-rights-token
187,mxtoken
188,render-token
189,stasis-eurs
190,gmx
191,orbs
192,constitutiondao
193,radio-caca
194,husd
195,aleph-zero
196,status
197,dao-token
198,republic-protocol
199,stratis
200,vvs-finance
201,nervos
202,medibloc
203,everdome
204,optimism
205,civic
206,ergo
207,coinex-token
208,synapse-new
209,revain
210,bancor
211,wink-token
212,nano
213,rally
214,acala-network
215,numeraire
216,beldex
217,usdx-kava
218,everscale
219,keep-network
220,ardor
221,functionx
222,pundi-x-new
223,chromia
224,torah-network
225,mass-vehicle-ledger
226,xsgd
227,flux-new
228,energy-web-token
229,dka_upbit
230,synthetix-usd
231,velas
232,e-radix
233,prometeus
234,api-3
235,persistence
236,power-ledger
237,project-galaxy
238,wazirx
239,request-network
240,storj
241,milk
242,conflux-network
243,coti
244,nest-protocol
245,merit-circle
246,telcoin
247,spell-token
248,renbtc
249,syscoin
250,cartesi
251,biswap
252,coin-98
253,steem
254,mobox
255,metisdao
256,xyo-network
257,celer-network
258,dent
259,crypto-com-mco
260,metal
261,injective-protocol
262,pirate-chain
263,mobilecoin
264,decentralized-social
265,funfair
266,creditcoin
267,weway
268,rlc
269,mdex
270,wootrade
271,aelf
272,illuvium
273,voyager-token
274,ocean-protocol
275,liquity
276,locus-chain-new
277,vethor
278,biconomy
279,wrapped-centrifuge
280,mask-network
281,ribbon-finance
282,ark
283,lido-for-solana
284,tribe-fei-protocol
285,multichain
286,ultra
287,deapcoin
288,joe
289,quarkchain
290,my-neighbor-alice
291,storm
292,origintrail
293,tifi-token
294,origin-dollar
295,metahero
296,klever
297,vulcan-forged-pyr
298,certi-k
299,x-sushi
300,radicle
301,lukso
302,kava-swap
303,stp-network
304,divi
305,orchid-labs
306,aavegotchi
307,augur
308,goldfinch-finance
309,venus
310,bifrost
311,sun-token-new
312,world-mobile-token
313,metadium
314,strike
315,hermez-network
316,reef
317,aragon
318,uquid-coin
319,alchemy-pay
320,boba-network
321,c2x
322,yield-guild-games
323,raydium
324,utrust
325,nkn
326,moonriver
327,celo-dollar
328,floki-inu-new
329,mai
330,zipmex
331,band-protocol
332,everipedia
333,keep3rv1
334,railgun
335,aurora-evm
336,efinity-token
337,electroneum
338,cubenetwork
339,maple-finance
340,mango-markets
341,fetch-ai
342,centrality
343,trusttoken
344,ageur
345,anchor-protocol
346,alpha-finance-lab
347,concordium
348,verge
349,propy
350,bitmax-token
351,ronin
352,aleph_switcheo
353,efforce
354,perpetual-protocol
355,thundercore
356,stargate-finance
357,verasity
358,aergo
359,bella-protocol
360,rari-governance-token
361,bxmi-token
362,hunt
363,telos
364,wrappednxm
365,dusk
366,bakeryswap
367,polkastarter
368,kishu-inu
369,sologenic
370,holoride
371,cocos-bcx-token
372,beta-finance
373,xcad-network
374,kiltprotocol
375,jasmy
376,karura
377,mstable-usd
378,orionprotocol
379,dodo
380,gensokishi
381,covalent-new
382,idex
383,usdk
384,avinoc
385,rif-token
386,celo-euro
387,automata-network
388,kardiachain
389,singularitynet
390,yoshi-exchange
391,alibabacoin
392,tomochain
393,presearch
394,bitcoin-standard-hashrate-token
395,hoo-token
396,victoria-vr
397,auction
398,star-link
399,seedify-fund
400,cult-dao
401,flamingo
402,yearn-finance-ii
403,sero
404,e-money
405,bezoge-earth-new
406,pond_uniswap
407,bitmart-token
408,zoidpay
409,arpa
410,wanchain
411,safepal
412,benqi
413,platon-network
414,gas
415,toucan-protocol-base-carbon-tonne
416,gitcoin
417,melon
418,proton
419,dopex
420,alpha-quark-token
421,handshake
422,mines-of-dalarnia
423,yooshi
424,mainframe
425,ampleforth
426,super-farm
427,swarm
428,deeper-network
429,dero
430,lcx
431,loom-network
432,unifi-protocol-dao
433,banana-token
434,globiance-exchange
435,district0x
436,rei-network
437,dola-usd-stablecoin
438,monacoin
439,phala
440,bone-shibaswap
441,polyswarm
442,vega
443,komodo
444,bidr
445,chingari
446,genopets
447,rizon
448,cudostoken
449,alpaca-finance
450,bitcoin-diamond
451,beefyfinance
452,torn
453,alchemix
454,aeternity
455,cratos
456,qash
457,lto-network
458,league-of-kingdoms
459,superrare
460,aioz-network
461,gyen
462,litentry
463,ampleforth-governance-token
464,linear
465,badger-dao
466,alien-worlds
467,travala
468,hydra
469,refereum
470,qredo
471,mirror-protocol
472,adventure-gold
473,bluzelle
474,elastos
475,cargox
476,velo
477,defi-pulse-index
478,groestlcoin
479,clover
480,xdb
481,thetruth
482,math
483,ssv-network
484,harvest-finance
485,rmrk
486,energi-token
487,firmachain
488,alpine-f-1-team-fan-token
489,chronobank
490,nym
491,shapeshift-fox-token
492,cere-network
493,shping
494,alethea-artificial-liquid-intelligence-token
495,noia
496,hector-dao
497,itheum
498,bitshares
499,hathor
500,gst
501,bloktopia
502,unifty
503,crypto-gladiator-shards
504,somoyedcoin
505,unibright
506,braintrust
507,everrise-new
508,dopex-rebate-token
509,cyberdragon-gold
510,student-coin-new
511,amo-coin
512,shiba-predator
513,centrifuge
514,xels
515,richquack-com
516,quickswap
517,tellor
518,hopr-token
519,human-protocol
520,rome
521,splinterlands
522,wirex
523,tranchess
524,babyswap
525,dia
526,iris-network
527,fioprotocol
528,singularitydao
529,sentinel-protocol
530,meter
531,six
532,bonfida
533,circuits-of-value
534,ovr
535,battle-world
536,kin-new
537,rai-finance
538,cortex
539,stargaze
540,allianceblock
541,tokenpocket
542,contentos
543,euphoria
544,jet-protocol
545,saito
546,map-protocol
547,somnium-space-cubes
548,apollox
549,ethernity-chain
550,tokocrypto
551,vai-token
552,klima-dao
553,contracoin
554,stepapp
555,ramp
556,ambire-adex
557,ichi
558,zigzag
559,selfkey
560,auto
561,keeperdao
562,pinksale
563,x-2-y-2
564,mixmarvel
565,rarible
566,btse
567,barnbridge
568,bytom
569,tryb_ftx
570,dvision-network
571,zcoin
572,jade-protocol
573,phantasma
574,trustswap
575,vite
576,streamr-datacoin
577,defigram
578,paris-saint-germain-fan-token
579,aurory
580,boson-protocol
581,mantra-dao
582,dei
583,dxchain
584,derivadao
585,parsiq
586,fegtoken
587,time-new-bank
588,swftcoin
589,genesys-go-shadow
590,stafi
591,nuls
592,axel
593,blox
594,mm-finance
595,vectorspace-ai
596,tor
597,tokemak
598,manchester-city-fan-token
599,maps
600,sylo_kucoin
601,libera-financial
602,bone_hotbit
603,burger-swap
604,undead-blocks
605,shiden-network
606,frontier
607,bikerush
608,kryll
609,voxies
610,kleros
611,marketpeak
612,freeway-token
613,dforce
614,highstreet
615,lon_uniswap
616,cobak-token
617,quantstamp
618,fusion
619,sx-network
620,wilder-world
621,nft-worlds
622,luffy
623,coinweb
624,hard-protocol
625,unizen
626,rai-reflex-index
627,measurable-data-token
628,aencoin
629,morpheus-network
630,gmcoin
631,beam
632,get-protocol
633,naga
634,spookyswap
635,bosagora
636,cosplay-token
637,aion
638,redfoxlabs
639,cryptex-finance
640,netvrk
641,gods-unchained
642,fuse-network
643,orca
644,pluton
645,waykichain
646,terra-virtua-kolect
647,dexe-network
648,crypterium
649,yield-app
650,santos-fc-fan-token
651,cream-finance
652,wise
653,oxygen
654,wing-finance
655,nestree
656,index-cooperative
657,fc-porto
658,rss3
659,dextools
660,taboo-token
661,elitium
662,solend
663,star-atlas
664,instadapp
665,akash-network
666,loki
667,revolution-populi
668,acala-usd
669,assetmantle
670,tectonic
671,movez
672,lazio-fan-token
673,unilend
674,ooki
675,bscpad
676,opendao
677,p-stake
678,solvecare
679,te-food
680,router-protocol
681,boringdao-new
682,gifto
683,hyper-dao
684,magic
685,quantum-resistant-ledger
686,amdg-token
687,dappradar
688,tomb
689,aventus
690,stake-dao
691,airswap
692,avalaunch
693,lattice-exchange
694,nftx
695,whale
696,mmpro-token
697,yuan-chain-coin
698,nimiq
699,defi-kingdoms
700,ttc-protocol
701,impossible-decentralized-incubator-access-token
702,blockchain-of-hash-power
703,dock
704,green-satoshi-token-bsc
705,thorchain-erc-20
706,xmon
707,fc-barcelona-fan-token
708,derace
709,step-finance
710,bitforex-token
711,usdj
712,manifold-finance
713,suku-t
714,inverse-finance
715,edgeware
716,catecoin
717,e-money-eur
718,p-network
719,sipher
720,jupiter
721,videocoin
722,sifchain
723,vlaunch
724,openocean
725,gemma-extending-tech
726,octopus-network
727,gochain
728,ariva
729,ternoa
730,newscrypto-coin
731,arcblock
732,altura
733,veed
734,pointpay-new
735,nav-coin
736,sentinel-new
737,carbon-credit
738,moviebloc
739,juventus-fan-token
740,revv
741,paraswap
742,zignaly
743,position-exchange
744,apeswap-finance
745,new-bitshares
746,insurace
747,mithril
748,alkimi
749,force-protocol
750,mimo-governance-token
751,dorafactory
752,elysia
753,zkspace
754,nexus
755,degate
756,monkey-ball
757,tower
758,eden_pancake-swap
759,cypherium
760,huobi-pool-token
761,seele
762,v-id
763,lossless-protocol
764,jpeg-d
765,gamefi
766,proximax
767,defi-land
768,powerpool
769,lunr-token
770,solanium
771,bitshiba
772,numbers-protocol
773,blockchainspace
774,bao-finance
775,bux-token
776,mcontent
777,scallop
778,nabox
779,gamercoin
780,sodacoin
781,vertcoin
782,star-atlas-polis
783,xdefi-wallet
784,mintme-com-coin
785,chainx
786,galaxy-heroes-coin-new
787,perlin
788,hackenai
789,comdex
790,dego-finance
791,galatasaray-fan-token
792,dotmoovs
793,bnstoken
794,stackos
795,opulous
796,cow-protocol
797,chain-games
798,cyclub
799,era-7-game-of-truth
800,bitshares-music
801,reflexer-ungovernance-token
802,velaspad
803,narfextoken
804,unicrypt
805,chainge-finance
806,punk-vault-nftx
807,newton-project
808,peardao
809,sperax
810,cellframe
811,switcheo
812,betprotocol
813,temco
814,pivx
815,projectwith
816,rsk
817,aurox-token
818,haven-protocol
819,mydefipet
820,zynecoin
821,gamestarter
822,blockchain-brawlers
823,affyn
824,sharering
825,polypad-new
826,flux-token
827,mcb_coinexchange
828,antimatter-token
829,cirus
830,metaverse-index
831,the-doge-nft-new
832,dadchain
833,radium
834,shyft-network
835,buying-com
836,glitch
837,dexlab
838,lunar
839,troy-trade
840,retreeb
841,as-roma-fan-token
842,dtravel
843,piston
844,premia
845,swerve
846,witnet
847,centcex
848,adapad
849,define
850,cardiocoin
851,meta
852,marketmove
853,ekta-new
854,dragonchain
855,breederdao
856,z-7-dao
857,apollo
858,atletico-de-madrid-fan-token
859,smart-valor
860,decentral-games-new
861,hapi
862,town-star
863,sandclock
864,tomb-shares
865,zelwin
866,thetan-gem
867,petals
868,gafa
869,ac-milan-fan-token
870,veusd
871,amazingteamdao
872,stronghold-token
873,electra-protocol
874,hshare
875,rubic
876,celestial
877,walken
878,trias-token
879,cashaa
880,planet-finance
881,fodl-finance
882,equilibrium-games
883,one-token
884,beethoven-x
885,waltonchain
886,monavale
887,cardstack
888,media-network
889,tokenclub
890,bondly-new
891,oneledger
892,apm-coin
893,satt
894,zb-token
895,nurifootball
896,amber
897,gelato
898,ambire-wallet
899,defi-yield-protocol
900,chainguardians
901,mad-viking-games
902,stratos
903,safe-haven
904,dose
905,globe
906,pangolin
907,waykichain-wgrt
908,sora
909,v-systems
910,wom-protocol
911,metaversevr
912,crypto-carbon-energy
913,paribus
914,zano
915,nftrade
916,polkadex
917,swash
918,mobiecoin
919,lithium-finance
920,ethereum-push-notification-service
921,cheqd
922,edenloop
923,bread
924,vesper
925,polka-foundry
926,element-black
927,geojam
928,hive-dollar
929,zombie-inu
930,pawtocol
931,nvt_forkdelta
932,etherisc
933,o3swap
934,lgcy-network
935,exmo-coin
936,pool-x
937,polkamarkets
938,exeedme
939,tulip-protocol
940,calo
941,nunet
942,hegic
943,prism
944,oraichain-token
945,spool-dao
946,usdp
947,deepspace
948,deri-protocol
949,catcoin-token
950,mint-club
951,takamaka-green-coin
952,neblio
953,populous
954,polkamon
955,nfty-token
956,guild-of-guardians
957,the-coop-network
958,alchemist
959,woonkly-power
960,polydoge
961,mogul-productions
962,lootex
963,symbiosis-finance
964,pikaster
965,morpheus-labs
966,opacity
967,aladdindao
968,pendle
969,observer
970,epik-prime
971,colawork
972,poolz
973,milc
974,stream-coin
975,annex-finance
976,splyt
977,step
978,spacepi
979,gains-associates
980,xrtfoundation
981,ref-finance
982,xfinite-entertainment
983,law-token
984,zookeeper-new
985,klaycity
986,amazingdoge
987,multivac
988,myconstant
989,spiritswap
990,nebulas-token
991,popsicle-finance
992,bridgenetwork
993,waves-enterprise
994,juggernaut
995,atomic-wallet-coin
996,cherry-network
997,floordao
998,zenith-coin
999,kylinnetwork
1000,vita-inu
1001,kunci-coin
1002,trabzonspor-fan-token
1003,bogged-finance-new
1004,modefi
1005,sienna-network
1006,vempire-ddao
1007,hop-exchange
1008,shopping
1009,reapchain
1010,suncontract
1011,skey-network
1012,fringe-finance
1013,dhedge
1014,bifrost-finance
1015,wrapped-ncg
1016,eqifi
1017,abyss
1018,raiden-network-token
1019,cropbytes
1020,basic
1021,blockasset
1022,mars4
1023,nxt
1024,stepg
1025,planetwatch
1026,plastiks
1027,blockbank
1028,openblox
1029,dsla-protocol-new
1030,kromatika
1031,gamee
1032,spartan-protocol
1033,betu
1034,the-midas-touch-gold
1035,dexira
1036,aidos-kuneen
1037,sakura
1038,solice
1039,maha-dao
1040,rfox-finance
1041,govi
1042,solcial
1043,luna-inu
1044,cornucopias
1045,wasder
1046,sparkpoint
1047,liquid-driver
1048,geeq
1049,metaverse-face
1050,latoken
1051,metaverse
1052,eligma-token
1053,content-value-network-new
1054,divergence
1055,plotx
1056,lambda
1057,darwinia-network
1058,revuto
1059,kintsugi
1060,mean-fi
1061,izumi-finance
1062,avocado-dao-token
1063,unix-gaming
1064,covesting
1065,yam
1066,nft-art-finance-new
1067,crust
1068,xwin-finance
1069,trustverse
1070,hubble-protocol
1071,only1
1072,silent-notary-new
1073,rainmaker-games
1074,psy-options
1075,gamium
1076,tidex
1077,smile-coin
1078,deepbrain-chain
1079,saber
1080,humans
1081,gm
1082,kine-protocol
1083,bbs-network
1084,bifi
1085,blueshift
1086,dogs-of-elon
1087,refinable
1088,unification
1089,platypus-finance
1090,k21
1091,fear-nfts
1092,babb
1093,legends-of-crypto
1094,griffin-art
1095,sinverse
1096,hodooi
1097,cryptowar-xblade
1098,gami-world
1099,solchicks
1100,kasta
1101,fantohm
1102,umbrella-network
1103,mossland
1104,connect-financial
1105,bibox-token
1106,polkabridge
1107,kaizen-finance
1108,zeitgeist
1109,oneart
1110,moeda-loyalty-points
1111,dfyn
1112,mojitoswap
1113,million-dollar-baby
1114,freedom-coin
1115,primate
1116,lua
1117,path-dao
1118,rocketx
1119,fota
1120,ioi
1121,convergence-finance
1122,unfederal-reserve
1123,strong
1124,clearpool
1125,realm
1126,burency
1127,bomb-money
1128,0xbtc
1129,geist-finance
1130,radar
1131,solrise-finance
1132,port-finance
1133,gold-fever
1134,polka-city
1135,torum
1136,iqeon
1137,upbots
1138,unitrade
1139,seedon
1140,sirin-labs-token
1141,tokoin
1142,calamari-network
1143,parallel
1144,robofi-token
1145,outerring
1146,source-protocol
1147,lum-network
1148,binamon
1149,sonm
1150,cybermiles
1151,stader
1152,gather
1153,oax
1154,ferrum
1155,hot-cross
1156,choise
1157,fibos
1158,viberate
1159,crypto-raider
1160,attila
1161,sensorium
1162,knoxstertoken
1163,eminer
1164,astroport
1165,dogami
1166,kommunitas
1167,ispolink
1168,seascape
1169,blocto
1170,cashbet-coin
1171,wabi
1172,squawk
1173,dafi-protocol
1174,paintswap
1175,space-falcon
1176,achain
1177,blitz-labs
1178,unmarshal
1179,blockchain-monster-hunt
1180,duckdaodime
1181,jetfuel-finance
1182,parrot-protocol
1183,idavoll-dao
1184,bolt-token
1185,ledgis
1186,tarot
1187,crabada
1188,tidalfinance
1189,melos-studio
1190,cherryswap
1191,monsta-infinite
1192,unbound-finance
1193,mir-coin
1194,ix-swap
1195,lympo
1196,dripto
1197,blankwallet-new
1198,sappchat
1199,value-liquidity
1200,unicly
1201,jenny-metaverse-dao-token
1202,az-world
1203,futureswap
1204,pastel
1205,shina-inu
1206,roco-finance
1207,cybervein
1208,vedao
1209,acent
1210,pooltogether
1211,futurecoin
1212,xend-finance
1213,moonwell-fi
1214,ardana
1215,okuru
1216,launchpool
1217,riodefi
1218,epik-protocol
1219,axpire
1220,credits
1221,dimitra
1222,truefeedback-new
1223,waterfall-defi
1224,gaia-everworld
1225,well-token
1226,taki
1227,etho-protocol
1228,julswap
1229,rotharium
1230,loop-network
1231,digital-fitness
1232,enecuum
1233,ime-smart-platform
1234,wingstep
1235,cryptozoo-new
1236,pylon-protocol
1237,onston
1238,mass
1239,smartcash
1240,cryptocurrencies-ai
1241,biometric-financial
1242,olyseum
1243,kex_uniswap
1244,sentivate
1245,zeroswap-token
1246,mercurial-finance
1247,belt
1248,heavenland
1249,armor
1250,veridocglobal
1251,opium-network
1252,ruff
1253,biconomy-exchange-token
1254,starsharks
1255,beyond-protocol
1256,faraland
1257,you-coin
1258,aurora
1259,betswap-gg
1260,cover
1261,nord-finance
1262,chronicle
1263,hyve-works
1264,high-performance-blockchain
1265,xy-finance
1266,metagalaxy-land
1267,yawww
1268,dark-frontiers
1269,enjinstarter
1270,the-husl
1271,echelon
1272,oceanland
1273,float-protocol-float
1274,roobee
1275,bomber-coin
1276,savage
1277,nftb
1278,decentr
1279,ame-chain
1280,runnode
1281,stronger
1282,internxt
1283,stream-protocol
1284,duel-network
1285,strips-finance
1286,gamb
1287,top-network
1288,galaxy-blitz
1289,krypton-dao
1290,ertha
1291,vidy
1292,wirtual
1293,qlink
1294,life-crypto
1295,coinspaid
1296,gunstar-metaverse
1297,defibox
1298,big-data-protocol
1299,arthswap
1300,meme-inu
1301,standard-protocol
1302,taraxa
1303,unilayer
1304,sg_bitmart
1305,westarter
1306,eterna
1307,monfter
1308,cleardao
1309,binemon
1310,enterdao
1311,hord
1312,dexioprotocol
1313,x-world-games
1314,lightning-bitcoin
1315,cryptoblades
1316,konomi-network
1317,hundred-finance
1318,metaverse-dualchain-network
1319,vault-hill-city
1320,internet-node-token
1321,eos-force
1322,quidd
1323,wall-street-games
1324,openlive-nft
1325,lendflare
1326,colony
1327,vaiot
1328,decimated
1329,gomeat
1330,defi-for-you
1331,razor-network
1332,pickle-finance
1333,meta-gaming-guild
1334,cryowar
1335,filda
1336,decentraweb
1337,en-tan-mo
1338,solarbeam
1339,shopnext
1340,alchemytoys
1341,shinobiverse
1342,matrix-ai-network
1343,kryxivia
1344,starly
1345,cpchain
1346,ideaology
1347,xp-network
1348,polker
1349,vinchain
1350,idexo-token
1351,dmg-governance
1352,citadel-one
1353,bitspawn
1354,synereo
1355,cofix
1356,welups-blockchain
1357,horizon-protocol
1358,genaro-network
1359,aichain
1360,taroverse
1361,cropperfinance
1362,mist-nft
1363,crypto-prophecies
1364,yeti-finance
1365,pigsafp
1366,kryptomon
1367,yin-finance
1368,origin-sport
1369,swingby
1370,meta-business
1371,firestarter
1372,peri-finance
1373,lumerin
1374,sidus-heroes
1375,bridge-mutual
1376,moonstarter
1377,polygonum-online
1378,gas-dao
1379,smoothy
1380,cryptocean
1381,findora
1382,revest-finance
1383,survival-game-online
1384,makiswap
1385,assara
1386,furucombo
1387,disbalancer
1388,carvertical
1389,niftify
1390,piedao-dough-v2
1391,dexgame
1392,dappt
1393,monetha
1394,frontrow
1395,tokenplace
1396,madworld
1397,eve-token
1398,kaka-nft
1399,bullieverse
1400,katana-inu
1401,linkeye
1402,cryptopolis
1403,kalao
1404,imperium-empires
1405,xmax
1406,zeptacoin
1407,scream
1408,sunny-aggregator
1409,terablock-new
1410,leonicorn-swap
1411,threekingdoms
1412,lovelace
1413,aurigami
1414,sport
1415,freerossdao
1416,prosper
1417,b20
1418,wizardia
1419,fairgame
1420,roseon-finance
1421,autonio
1422,data
1423,polkalokr
1424,ares-protocol
1425,gspi
1426,deesse
1427,polkawar
1428,viper-protocol
1429,zodium
1430,crowny
1431,apix
1432,nanobyte
1433,symverse
1434,iot-chain
1435,titi-financial
1436,odyssey
1437,bsc-station
1438,turtlecoin
1439,unipilot
1440,koi
1441,battle-pets
1442,helmet-insure
1443,realy
1444,polytrade
1445,oin-finance
1446,base_idex
1447,olive-platform
1448,lanceria
1449,project-seed
1450,chatcoin
1451,curate
1452,ethpad
1453,cryptozoon
1454,definer
1455,faithtribe
1456,hitchain
1457,enigma-project
1458,true-chain
1459,walk-dogs
1460,fit-beat
1461,my-crypto-heroes
1462,ubxs
1463,edgeswap
1464,mettalex
1465,axl-inu
1466,unifarm
1467,plutonians-dao
1468,yop-finance
1469,cook-protocol
1470,dinosaur-eggs
1471,devolution
1472,moonwell
1473,raze-network
1474,nakamoto-games
1475,8pay
1476,sentre
1477,verox
1478,paypolitan-token
1479,emp-money
1480,bitcoinhd
1481,anrkeyx
1482,moonienft
1483,clintex
1484,kcash
1485,mobland
1486,tachyon-protocol
1487,metastrike
1488,primas
1489,filecash
1490,age-of-gods
1491,nafter
1492,nextdao
1493,graphlinq-protocol
1494,golff
1495,onx-finance
1496,tune-fm
1497,starbots
1498,spores-network
1499,falconswap
1500,hillstone
1501,bgogoindex
1502,nova-finance
1503,gocryptome
1504,hurricaneswap-token
1505,clash-of-lilliput
1506,tribeone
1507,defidollar-dao
1508,akropolis
1509,arenum
1510,yee
1511,wicrypt
1512,solvent
1513,pussy-financial
1514,merkle-network
1515,bholdus-token
1516,warena
1517,aimedis
1518,darwinia-commitment-token
1519,parex
1520,dnaxcat-token
1521,creoengine
1522,paint
1523,cub-finance
1524,bot-planet
1525,edain-new
1526,actinium
1527,openswap
1528,purefi
1529,asko_mxc
1530,fanstime
1531,peanut
1532,tastenft
1533,litex
1534,nsure-network
1535,algo-blocks
1536,hicoin
1537,beam-swap
1538,atlas-protocol
1539,ultrain
1540,cappasity
1541,arx
1542,nucleus-vision
1543,vera-defi
1544,ulord
1545,nerve-finance
1546,phoenix-dao
1547,privapp-network
1548,localtrade
1549,realms-of-ethernity
1550,unore
1551,soldex
1552,sonar-watch
1553,mrweb-finance
1554,rikkei-finance
1555,spacecrypto
1556,animal-concerts
1557,darley-go
1558,protokol
1559,polkarare
1560,moon-rabbit
1561,channels-new
1562,tale-craft
1563,hycon
1564,trustfi-network
1565,legends-of-elumia
1566,merculet
1567,titan-hunters
1568,marginswap
1569,contentbox
1570,u-network
1571,lepasa
1572,alpaca
1573,lavax-labs
1574,debitum-network
1575,ukrainedao-flag-nft
1576,mytrade
1577,coinscope
1578,chainswap
1579,okletsplay
1580,treasure-under-sea
1581,franklin
1582,graviton-zero
1583,throne
1584,ducato-protocol-token
1585,istep
1586,lien
1587,torii-finance
1588,lostworlds
1589,crafting-finance
1590,unqclub
1591,solrazr
1592,media-eye
1593,zone-of-avoidance
1594,katalyo
1595,rev-3-al
1596,souni
1597,credefi
1598,luxfi
1599,optionroom
1600,magiccraft
1601,1-sol
1602,adaswap
1603,coldstack
1604,tap-fantasy
1605,starpunk
1606,arcadenetwork
1607,gridzone
1608,round-dollar
1609,trava-finance
1610,bullperks
1611,zam-io
1612,the-champcoin
1613,two-monkey-juice-bar
1614,crypviser
1615,racefi
1616,rocki-new
1617,cyclos
1618,parachute
1619,manufactory
1620,nemesis-dao
1621,metashooter
1622,centric-cash
1623,adbank
1624,flurry-finance
1625,avaxtars
1626,avaxlauncher
1627,spacey-2025
1628,connectome
1629,coinburp
1630,jarvis
1631,gmat
1632,dmd
1633,islander
1634,wondermannation
1635,pivot
1636,oddz-finance
1637,torekko
1638,plethori
1639,eleven-minutes
1640,heroes-chained
1641,marvelous-nfts
1642,recharge
1643,solidex
1644,dreams-quest
1645,golden-ball
1646,evanesco
1647,deip
1648,infinity-skies
1649,keysians
1650,war-bond
1651,dragon-sb
1652,potent
1653,metagear
1654,workquest
1655,legends-of-mitra
1656,theos
1657,heroes-td
1658,secretum
1659,emp-shares
1660,blocksport
1661,spellfire
1662,metawear
1663,wtf-token
1664,greenheart
1665,blocery
1666,bomb
1667,dehorizon
1668,infinite-launch
1669,space-misfits
1670,valkyrie-protocol
1671,etha-lend
1672,lucretius
1673,xhashtag
1674,earthfund
1675,blind-boxes
1676,props
1677,phoenix-token
1678,beyond-finance
1679,metarun
1680,kyberdyne
1681,pledge
1682,apexprotocol
1683,fabwelt
1684,moonbear-finance
1685,argon
1686,good-games-guild
1687,realio
1688,ritestream
1689,friends
1690,metafluence
1691,bfc_crex24
1692,vicstep
1693,krypton-galaxy
1694,up-only
1695,launchblock
1696,yfdai-finance
1697,jetcoin
1698,h-3-ro-3-s
1699,vision-game
1700,fantomstarter
1701,acoconut
1702,defina
1703,kitty-coin-solana
1704,monopoly-millionaire-game
1705,liq-protocol
1706,formation-fi
1707,dfistarter
1708,endless-battlefield
1709,metapad
1710,forest-knight
1711,paragen
1712,domain
1713,supernova-game
1714,envoy-network
1715,plutonians
1716,arize
1717,legionnetwork
1718,yetiswap
1719,earn-guild
1720,duelist-king
1721,monsters-clan
1722,mecha-morphing
1723,the-wasted-lands
1724,galaxy-war
1725,delot-io
1726,synchrony
1727,arker
1728,pieme
1729,geopoly
1730,fantom-pad
1731,vox-finance
1732,polka-pets
1733,larix
1734,gourmet-galaxy
1735,memeverse
1736,dexbrowser
1737,moo-monster
1738,okratech
1739,afkdao
1740,attack-wagon
1741,neofi
1742,meta-launch
1743,bytenext
1744,mine-network
1745,scorefamtoken
1746,etermon
1747,battle-saga
1748,quiztok
1749,playkey
1750,triall
1751,kingdom-karnage
1752,micromoney
1753,actifit
1754,phantom
1755,orbitau
1756,strip-finance
1757,alium-swap
1758,zomfi
1759,aditus
1760,road
1761,pancakebunny
1762,valas-finance
1763,bfk-warzone
1764,meta-spatial
1765,corionx
1766,dot-finance
1767,cryptoblades-kingdoms
1768,knight-war-spirits
1769,basis-share
1770,despace-protocol
1771,gemguardian
1772,story
1773,battle-of-guardians
1774,nest-arcade
1775,metamatenft
1776,solyard-finance
1777,nftmart
1778,crystal-token
1779,taklimakan-network
1780,wizarre
1781,astra-guild-ventures
1782,games-pad
1783,step-hero
1784,live-nft
1785,yvs-finance
1786,ancient-kingdom
1787,1-millionnft
1788,blackhole-protocol
1789,molecular-future
1790,alphr-finance
1791,duckie-land
1792,monsoon-finance
1793,nft-starter
1794,freela
1795,scotty-beam
1796,armors-labs
1797,chumbi-valley
1798,magic-cube-coin
1799,cryptoxpress
1800,vaulty-finance
1801,penguinkarts
1802,blockwarrior
1803,howlcity
1804,learning-cash
1805,ripae
1806,the-killbox
1807,yolocash
1808,driftdelivery-cc
1809,fidira
1810,morphie-network
1811,defi-11
1812,pftm
1813,dinoland
1814,sfinance
1815,dynamite
1816,evencoin
1817,furukuru
1818,tartarus
1819,saunafinance-token
1820,gameyoo
1821,bandot-protocol
1822,antex
1823,sovereign-hero
1824,kollect
1825,linker-coin
1826,cherry
1827,multifi
1828,seadog-finance
1829,sentinel-chain
1830,santiment
1831,neumark
1832,cash
1833,mswap_uniswap
1834,herocoin
1835,freight-trust-clearing-network
1836,youlive-coin
1837,pigeoncoin
1838,feyorra
1839,global-social-chain
1840,ravencoinclassic
1841,smartshare
1842,signal-token
1843,promotion-coin
1844,hashcoin
1845,maidsafecoin
1846,bitcoin-plus
1847,potcoin
1848,dprating
1849,iocoin
1850,exclusivecoin
1851,zrcoin
1852,curecoin
1853,nasdacoin
1854,cheesecoin
1855,callisto-network
1856,blocktrade
1857,veruscoin
1858,etherlite-2
1859,alchemy
1860,shiny-ore
1861,playgame-token
1862,bytecoin-bcn
1863,aspire
1864,glosfer
1865,honest
1866,bitdegree
1867,earnx-v2
1868,cryptobonusmiles
1869,matrexcoin
1870,oxbull-solana
1871,waultswap-polygon
1872,universal-liquidity-union
1873,creature-hunters
1874,aha
1875,monnos
1876,seigniorage-shares
1877,uca-coin
1878,msb_coinone
1879,payaccept
1880,globalboost-y
1881,tronbetdice
1882,covenants
1883,bonfi
1884,one-cash
1885,euno
1886,cmf-dao
1887,smartcredit-token
1888,homeros
1889,robonomics-web-services
1890,farmland-protocol
1891,cloakcoin
1892,deeponion
1893,goose-finance
1894,snetwork
1895,akita-inu
1896,phoenixdefi-finance
1897,monster-slayer-finance
1898,czbomb
1899,xfund
1900,savix
1901,cakeswap
1902,artx
1903,momokey
1904,moar-finance
1905,smart-block-chain-city
1906,cryptoplants
1907,breezecoin
1908,maecenas
1909,chikn-fert
1910,crosspad
1911,complifi
1912,xi-protocol
1913,realtract
1914,memenft
1915,the-peoples-coin
1916,whalmart
1917,blocksquare
1918,spacemine
1919,aiwork
1920,bnbitcoin
1921,merchdao
1922,mobofi
1923,pesabase
1924,fibo
1925,yel-finance
1926,leslarverse
1927,ally
1928,hydranet
1929,potato
1930,npick-block
1931,bit-guild
1932,coge_pancake-swap
1933,hosky
1934,meschain
1935,xnft-protocol
1936,tomoe
1937,spacelens
1938,many
1939,tiger-cash
1940,goldefy
1941,influencers-of-the-metaverse
1942,cv-shots
1943,sunrise
1944,civilization
1945,immutable-network
1946,sukhavati-network
1947,hakka-finance
1948,police-and-thief-game
1949,axia-protocol
1950,govworld
1951,cryptocars
1952,crypto-island
1953,acute-angle-cloud
1954,reward-hunters-token
1955,hodl-finance
1956,dreamdao
1957,catgirl-new
1958,roboots
1959,metoshi
1960,reflex
1961,mud-guild-game
1962,condominium
1963,demodyfi
1964,swarm-markets
1965,marx
1966,my-pet-social
1967,maticverse
1968,value-finance
1969,filipcoin
1970,nearpad
1971,spyool
1972,pathfundv2
1973,spring
1974,polinate
1975,nurse-cat
1976,the-neighbours
1977,tetu
1978,plant-vs-undead
1979,artwork-nft
1980,invictus
1981,supercars
1982,zeus-node-finance
1983,intersola
1984,sovryn
1985,zenon
1986,depay
1987,dali
1988,safle
1989,powertrade
1990,investin
1991,elemon
1992,babylon-finance
1993,binance-wrapped-dot
1994,reserve-rsv
1995,herobook
1996,satoshiswap
1997,dragonsea
1998,yieldzilla
1999,evai-2
2000,trick
2001,war-of-tribes
2002,fish-crypto
2003,unilock-network-new
2004,astral-farm
2005,gravitx
2006,block-ape-scissors
2007,soldoge
2008,square-token
2009,oh-finance
2010,defido
2011,lavaswap-new
2012,honey-deluxe
2013,metapocket
2014,projectoasis
2015,epichero-3d-nft
2016,piggy-finance-io
2017,liquidifty
2018,gamerse
2019,nitro-league
2020,rxcgames
2021,inflation-hedging-coin
2022,rena-finance
2023,pera-finance
2024,safuu
2025,octane-finance
2026,pawthereum
2027,cake-monster
2028,charm
2029,radioshack
2030,drip-network
2031,global-china-cash
2032,polyroll
2033,stamen-tellus-token
2034,watchsports
2035,meta-islands
2036,sif
2037,miracle-universe
2038,bubblefong
2039,baanx
2040,bgogo
2041,solberg
2042,tom-coin
2043,nasdex
2044,cryptojetski
2045,ticket-finance
2046,coinviewcap
2047,polka-cover
2048,titano
2049,swinca
2050,techpay
2051,qube-2
2052,treat-dao-new
2053,classicdoge
2054,woof
2055,web3-inu
2056,identity
2057,solum
2058,monster-of-god
2059,rocket-share
2060,colizeum
2061,pollchain
2062,altered-state-token
2063,king-shiba
2064,acet-token
2065,omni-cash
2066,artem-coin
2067,bluca
2068,konstellation
2069,cardwallet
2070,metaverse-lab
2071,kicktoken
2072,mcfinance
2073,netflowcoin
2074,swapx
2075,metaxiz
2076,instrumental-finance
2077,dragon-verse
2078,jur
2079,daolaunch
2080,kodi-coin
2081,strikex
2082,saitama-inu-new
2083,specter-finance
2084,gennix
2085,2omb-finance
2086,talent
2087,mstation
2088,polylastic
2089,bytz
2090,wanaka-farm-wairere-token
2091,metavpad
2092,dx-spot
2093,aircoin
2094,bunnypark
2095,hibiki-finance
2096,coinxpad
2097,moonbeans
2098,synex-coin
2099,beeco
2100,defactor
2101,baby-tether
2102,cato
2103,deus-finance
2104,partial-share
2105,changer
2106,rocket-pool-eth
2107,shar-pei
2108,space-cow-boy
2109,ftm-pup-token
2110,blizz-finance
2111,gold-rush
2112,safety
2113,crypto-cavemen-club
2114,atompad
2115,charactbit
2116,green-beli
2117,nexus-dubai
2118,x-protocol
2119,oath
2120,gemmine
2121,hitop
2122,busdx
2123,elf-matrix
2124,rps-league
2125,reu-eth
2126,metafabric
2127,shiryo-inu
2128,legiodao
2129,hesman-shard
2130,cerby-token
2131,la-casa-de-papel
2132,metalswap
2133,bomb-us-money
2134,kitty-finance
2135,assaplay
2136,skyplay
2137,debio-network
2138,vader-protocol
2139,dexsport
2140,monster
2141,limocoin-swap
2142,gemuni
2143,verve
2144,delta-theta
2145,betswirl
2146,meta-utopia
2147,winerz
2148,mobius
2149,launchmynft
2150,haino
2151,zone
2152,marinade-new
2153,monero-classic
2154,defilancer-token
2155,dabb-doge
2156,snapex
2157,kally
2158,teddy-doge
2159,coinwind
2160,nftpad
2161,ethfan-burn
2162,dot-dot-finance
2163,travel-care-v2
2164,cplay-network
2165,hungry-bees
2166,whiteheart
2167,threshold
2168,stickman-battleground
2169,transaction-service-fee
2170,neco-fun
2171,realm-defenders
2172,smartfi
2173,vica-token
2174,jungle-defi
2175,decentralized-mining-exchange-new
2176,jones-dao
2177,mimir-token
2178,mooney
2179,plutusdao
2180,elyfi
2181,deuxpad
2182,vancat
2183,nyzo-new
2184,mondayclub
2185,ninneko
2186,pragma
2187,oneswap-dao-token
2188,dominium
2189,metalk
2190,the-commission
2191,salary
2192,hololoot
2193,noa-play
2194,stone
2195,chinaom
2196,niob-finance
2197,global-aex-token
2198,upfi-network
2199,covid-doge
2200,stater
2201,peoplez
2202,metars
2203,atari
2204,krill-token
2205,bnb-dragon
2206,reltime
2207,inverse-protocol
2208,impostors-blood
2209,h-2-o-dao
2210,multiverse
2211,udoo
2212,dogs-kombat
2213,napoli-fan-token
2214,kiba-inu
2215,metaxy
2216,deadknight
2217,andus-chain-daon
2218,advanced-united-continent
2219,dog-boss
2220,cryptolegionsbloodstone
2221,sleep-future
2222,arabian-city
2223,unslashed-finance
2224,europa
2225,pocket-network
2226,lendingblock
2227,prcy_coinsbit
2228,poet
2229,metakeeper
2230,dreamn
2231,giftedhands
2232,go-out-now
2233,cashzone
2234,realital-metaverse
2235,genesis-shards
2236,pinknode
2237,xreators
2238,tether-avalanche-bridged-usdt-e
2239,chi-coin
2240,x-metaverse
2241,arteq
2242,smartmusic
2243,xdaistable
2244,wrapped-telos
2245,socialsfi
2246,metabomb
2247,casinocoin
2248,temtum
2249,bottos
2250,electrifyasia
2251,coinmeet
2252,somesing
2253,purevidz
2254,bitgear
2255,portal
2256,eosdac
2257,cheesecakeswap-token
2258,bitceo
2259,spring-game
2260,egretia
2261,aeon
2262,blockmason
2263,salus
2264,baasid
2265,namecoin
2266,hempcoin
2267,monetaryunit
2268,blackcoin
2269,skincoin
2270,fedoracoin
2271,vibe
2272,sabac-warrior
2273,haratoken
2274,translateme-network-token
2275,piggy-bank-token
2276,electric-vehicle-zone
2277,iht-real-estate-protocol
2278,minter-network
2279,amoveo
2280,kingdom-game-4
2281,super-bitcoin
2282,chicken-finance-kfc
2283,facts
2284,stakepool
2285,cryptoverificationcoin
2286,zeepin
2287,neopin
2288,arqma
2289,blockv
2290,crtcoin
2291,handy
2292,circle-swap
2293,metarim
2294,tom_uniswap
2295,hydro-protocol
2296,ndn-link
2297,gogo-finance
2298,amaten
2299,dymmax
2300,statera
2301,yfi-mobi
2302,cashcow-finance
2303,keep4r
2304,iterationsyndicate
2305,renfil
2306,heroes-of-the-land-ruby
2307,rccc
2308,dig-chain
2309,tapmydata
2310,viking-swap
2311,tranchefinance
2312,unido
2313,greenzonex
2314,safe-star
2315,cardstarter
2316,pop
2317,bunicorn
2318,octoin-coin
2319,ifoswap-token
2320,jojo
2321,minidoge
2322,xbn_pancake-swap
2323,yvboost_sushi-swap
2324,klist-protocol
2325,j-9-casino
2326,kabosu
2327,stonedao
2328,onxrp
2329,omni
2330,bidao
2331,expanse
2332,velhalla
2333,sun-token
2334,safetrees-new
2335,pitbull
2336,wifi-coin
2337,league-of-ancients
2338,samusky-token
2339,ethbox
2340,foam-protocol
2341,rebelbots
2342,caspian
2343,warp-bond
2344,safutitano
2345,memepad
2346,cindicator
2347,lydia-finance
2348,karencoin
2349,sonar
2350,vacay
2351,astroelon
2352,grn
2353,cocktailbar
2354,peppa-network
2355,neos-credits
2356,boxer-inu
2357,dosacoin
2358,ally-new
2359,probinex
2360,popcorn
2361,jackpool
2362,oikos
2363,thor
2364,shirtum
2365,evodefi
2366,goma-finance
2367,bribe-token
2368,infinity-pad
2369,smartxone
2370,grid
2371,doggy
2372,walrus
2373,palette
2374,flux-protocol
2375,opyn-squeeth
2376,alpha-kombat
2377,project-pai
2378,elontech
2379,nextype
2380,bae
2381,fame-mma
2382,dragon-slayer
2383,join-coin
2384,thetan-coin
2385,lovely-inu
2386,stretch-to-earn
2387,dyor-token
2388,xidr
2389,teaswap-art
2390,pulsepad
2391,bacondao
2392,impermax
2393,musashi-finance
2394,volatility-protocol-token
2395,x-cash
2396,bankless-defi-innovation-index
2397,cryptobank
2398,blockmax
2399,multiverse-capital
2400,datx
2401,ioten
2402,halodao
2403,galaxy-adventure
2404,mirrored-amazon
2405,counterparty
2406,aureo
2407,freshcut
2408,medping
2409,evulus
2410,mirrored-google
2411,zombie-world-z
2412,unifi-protocol
2413,mirrored-tesla
2414,totally-a-rug-pull
2415,ecoin
2416,balkari-token
2417,burnz
2418,dinostep
2419,iagon
2420,zoro-inu
2421,minto
2422,hudi
2423,neton
2424,moby-dick-new
2425,miraqle
2426,rangers-protocol-gas
2427,sidus-heroes-senate
2428,galactic-arena-the-nftverse
2429,continuum-world
2430,0-x-nodes
2431,cryptomines
2432,marshall-rogan-inu
2433,idefiyieldprotocol
2434,lunagens
2435,ampleswap
2436,nexus-protocol
2437,glimpse
2438,orca-dao
2439,lucky-lion
2440,linkpool
2441,k-root
2442,owldao
2443,12-legions
2444,zurrency
2445,virtue-poker-token
2446,jigstack
2447,ibg-token
2448,frozentomb-lot
2449,vconomics
2450,amc-fight-nights
2451,onino
2452,sanin-inu
2453,the-crypto-you
2454,placewar
2455,futurerealestatetoken
2456,twinci
2457,auxilium
2458,zedxion
2459,interlay
2460,meta-ruffy
2461,magic-of-universe
2462,ojamu
2463,first-ever-nft
2464,adax
2465,cuffies
2466,singulardtv
2467,aegis
2468,vaultdefi
2469,banana-task-force-ape
2470,polkaswap
2471,arata
2472,predictcoin
2473,allpay-coin
2474,forcecowboy
2475,the-winkyverse
2476,sol-flowers
2477,cryptotem
2478,petworld
2479,fanc
2480,kermit-inu
2481,metamall
2482,scary-chain-capital
2483,hoge-finance
2484,snowball-finance
2485,everearn
2486,widiland
2487,superstep
2488,autocrypto
2489,wisteria-swap
2490,pactswap
2491,scarecrow
2492,ubgtoken
2493,adroverse
2494,covenant
2495,aquanee
2496,unimex-network
2497,yoyow
2498,severe-rise-games-token
2499,gotem
2500,ape-universe
2501,bit-hotel
2502,avnrich-token
2503,cryptoships
2504,blokpad
2505,eth-fan-token-ecosystem
2506,plug-chain
2507,tata-coin
2508,pocket-arena
2509,magnet-gold
2510,unistake
2511,dragon-crypto-aurum
2512,bullet
2513,metaxa
2514,spherium
2515,tcgcoin-2-0
2516,salmonation
2517,all-sports-new
2518,conjee
2519,snowbank
2520,based-token
2521,nft-global-platform
2522,99-starz
2523,greed
2524,bit-castle-war
2525,zerohybrid-network
2526,avata-network
2527,locometa
2528,blackholedao
2529,nerdy-inu
2530,crypto-fight-club
2531,fantomgo
2532,hkd-com-dao
2533,oren-game
2534,dragon-mainland-shards
2535,autobahn-network
2536,neonomad-finance
2537,kross-chain-launchpad
2538,arkania-protocol
2539,wingswap
2540,rollbit-coin
2541,algogems
2542,peace-dao
2543,runtogether
2544,planet-sandbox
2545,brandpad-finance
2546,flourishing-ai
2547,fortress-lending
2548,derived-finance
2549,universal-store-of-value
2550,charged-particles
2551,passive-income-token
2552,metaplayers-gg
2553,magnet-dao
2554,casperpad
2555,dhealth
2556,bemil
2557,gmt-token
2558,metria
2559,fantasm-xftm
2560,grok
2561,angel-nodes
2562,ibuffer-token
2563,cakepad
2564,enegra
2565,vicmove
2566,arcane-token
2567,the-phoenix
2568,online-cold-wallet
2569,tankbattle
2570,dragon
2571,ghospers-game
2572,weld
2573,archer-dao-governance-token
2574,esg-chain
2575,tomtomcoin
2576,muskswap
2577,triveum
2578,devil-finance
2579,meli-games
2580,coinghost
2581,gami
2582,heal-the-world-new
2583,0-xdao-v-2
2584,verify-defi
2585,paybolt
2586,artic-foundation
2587,metaracers
2588,share-nft
2589,movey-token
2590,medusa-new
2591,familyparty-new
2592,luzion-protocol
2593,playpad
2594,next-earth
2595,arabian-doge
2596,drunk-robots
2597,bitcoin-city-coin
2598,materium
2599,ape-in-records
2600,nomad-exiles
2601,berry
2602,meta-blackout
2603,panicswap
2604,pizza-game
2605,undead-finance
2606,bitcci-cash
2607,metaroid-nft
2608,eron
2609,the-underground
2610,cycling-app
2611,meland
2612,dpad-finance
2613,dinoexchange
2614,rloop
2615,vulturepeak
2616,art-rino
2617,rebase-aggregator-capital
2618,cpos-cloud-payment
2619,inpulsex
2620,bitone
2621,thetadrop
2622,world-of-defish
2623,choccyswap
2624,city-of-dream
2625,boba-brewery
2626,moonbirds
2627,seth-2
2628,auditchain
2629,gera-coin
2630,kampay
2631,dao-farmer-dfw
2632,bobatama
2633,meta-age-of-empires
2634,forta
2635,aeterna
2636,bohr-new
2637,teneo-finance
2638,magic-of-gold
2639,ndau-new
2640,wrapped-elrond
2641,confetti
2642,kitsumon
2643,enrex
2644,kusunoki-samurai
2645,mcf-token
2646,wrapped-one
2647,pdollar
2648,dot-arcade
2649,safemars
2650,monstock
2651,broovs-projects
2652,parabolic
2653,creator-platform
2654,pdx-coin
2655,faceter
2656,quarashi
2657,omniaverse
2658,belecx-protocol
2659,daosol
2660,galaxy-fight-club
2661,project-inverse
2662,green-star
2663,laeeb
2664,libra-credit
2665,more-token
2666,phuntoken
2667,f-5-sleep
2668,lendefi
2669,moda-dao
2670,meta-kongz
2671,deathroad
2672,theory
2673,oxfinance
2674,drawshop-kingdom-reverse
2675,fat-cat-killer
2676,ride-to-earn
2677,reu
2678,naos-finance
2679,trace-network-labs
2680,cryptonovae
2681,bloxmove-token
2682,totemfi
2683,apy-swap
2684,panther-protocol
2685,social-capitalism
2686,de-fiato
2687,cubiex
2688,orbit
2689,oraclecapital
2690,playcent
2691,all-art
2692,umee
2693,unobtainium
2694,rise-of-defenders
2695,apricot
2696,kingdom-x
2697,amasa
2698,hi-dollar
2699,algodao
2700,footballbattle
2701,yoleeuniverse
2702,starmon-metaverse
2703,loom-network-new
2704,fantasy-war
2705,salt
2706,connect
2707,klayswap-protocol
2708,mshare
2709,ignis
2710,trinity-network-credit
2711,rebit
2712,flip
2713,echolink
2714,trust
2715,intelligent-investment-chain
2716,recovery-right-token
2717,gulden
2718,feathercoin
2719,vitae
2720,mintcoin
2721,engine
2722,exchange-union
2723,bitcoin-red
2724,wiki-token
2725,bitkan
2726,beer-money
2727,xaya
2728,qanx-token
2729,bethereum
2730,sugarkingdom
2731,arion
2732,ontology-gas
2733,agrello-delta
2734,fleta
2735,sport-and-leisure
2736,moola
2737,coinloan
2738,pippi-finance
2739,basis-gold-share
2740,xrp-bf-2
2741,blitzpredict
2742,silo-finance
2743,pbtc35a
2744,blockpass
2745,musk
2746,gstcoin
2747,power-nodes
2748,dmarket
2749,tune
2750,cliq_uniswap
2751,cell-network
2752,oneroot-network
2753,arcona
2754,miniswap
2755,yfo_uniswap
2756,permission
2757,zenfuse
2758,acy-finance
2759,ize
2760,rush-coin
2761,zuplo
2762,stealthcoin
2763,0chain
2764,jem
2765,edgecoin
2766,spartacats
2767,hulk-new
2768,xdefi-labs
2769,falcon-project
2770,mobilego
2771,ehash
2772,warp-finance
2773,kingpad
2774,yusd-stablecoin
2775,ethereummax
2776,gton-capital
2777,ampnet
2778,vortex-defi
2779,daex
2780,threefold-token
2781,bitcoin-bam
2782,minato
2783,loser-coin
2784,hippo-inu
2785,coinbase-tokenized-stock-new
2786,occamfi
2787,apexit-finance
2788,dungeonswap
2789,unite-finance
2790,truebit-protocol
2791,munch-token
2792,dojo
2793,hurricane-nft
2794,zuz-protocol
2795,zeedex
2796,ninja-squad
2797,bbq_pancake-swap
2798,lendhub
2799,my-bricks
2800,mozik
2801,mandox
2802,docuchain
2803,clucoin
2804,dekbox
2805,mochi-market
2806,x-power-chain
2807,healthify
2808,spacechain
2809,world-of-cryptia
2810,anchor-neural-world
2811,tai
2812,hedget
2813,pallapay
2814,one-share
2815,sashimi
2816,probit-token
2817,tendieswap
2818,finance-vote
2819,hive-project
2820,night-life-crypto
2821,witch-token
2822,amun-ether-3-x-daily-long
2823,tenshi
2824,truedeck
2825,dxsale-network
2826,kephi-gallery
2827,dust-protocol
2828,myce-new
2829,bukhi
2830,yflink
2831,atauro
2832,gn
2833,skybridger
2834,shroom-finance
2835,true-pnl
2836,daisy-protocol
2837,minimals
2838,launchzone
2839,deepspace-token
2840,infinitycake
2841,reactor
2842,weyu
2843,famous-fox-federation
2844,dehub
2845,caketools
2846,dexit-finance
2847,falcon-swaps
2848,mission-helios
2849,scientix
2850,zpayae
2851,golden-roots
2852,investdex
2853,particl
2854,nether
2855,world-of-masters
2856,zada
2857,ginoa
2858,voltage
2859,dont-play-with-kitty
2860,gem-token
2861,aced-new
2862,everestcoin
2863,kccpad
2864,yieldwatch
2865,rose-finance
2866,desmos
2867,solster
2868,fidlecoin
2869,aetherv-2
2870,wojak-finance
2871,dough
2872,void
2873,artii-token
2874,dukecoin
2875,synthetify
2876,auctus
2877,sportsicon
2878,picaartmoney
2879,matrixetf
2880,web2-inu
2881,mollector
2882,rooster-battle
2883,fndz
2884,chipstars
2885,zeon
2886,spintop
2887,cricket-foundation
2888,saltmarble
2889,drife
2890,nftify
2891,the-parallel
2892,struggle-doge
2893,dibs-money
2894,taxa-network
2895,union
2896,blackpoker
2897,depocket
2898,adadex-tools
2899,devita
2900,lots-gaming
2901,sunflower-farm
2902,puli-inu
2903,bonded-luna
2904,transhuman-coin
2905,planet
2906,starcoin
2907,x-consoles
2908,tools
2909,lordtoken
2910,canary-dollar
2911,the-force-trade
2912,tenx
2913,blackpool
2914,lobstex-new
2915,saveplanetearth
2916,snook
2917,redlight-node-district
2918,revolt-2-earn
2919,minerblox
2920,kalycoin
2921,scrap
2922,nexus-crypto-services
2923,astroverse
2924,bend-dao
2925,defly-ball
2926,universal-basic-income
2927,tag-protocol
2928,maga-coin
2929,vagabond
2930,envelop
2931,reptilian
2932,torex
2933,green-flow
2934,meowswap-token
2935,prism-protocol
2936,swaptracker
2937,reaper-token
2938,sidekick-token
2939,singmon-token
2940,solid-protocol
2941,swapz
2942,zenlink-network-token
2943,b-cube-ai
2944,1peco
2945,inme-swap
2946,starlaunch
2947,aicon-new
2948,fins-token
2949,rifi-united
2950,hierocoin
2951,decubate
2952,pancakepoll
2953,paras
2954,2share
2955,digital-bank-of-africa
2956,hero-essence
2957,game-coin
2958,iotexpad
2959,artube
2960,cryptodrop
2961,ripio-coin
2962,the-transfer-token
2963,chellitcoin
2964,frogswap
2965,wanda-exchange
2966,scarface-finance
2967,feelcoin
2968,wrapped-ecomi
2969,moonshot-new
2970,safechaintoken
2971,abell-coin
2972,felix-token
2973,option-panda
2974,nfttech
2975,infinitypad
2976,piccolo-inu
2977,evilsquidgame
2978,defisportscoin
2979,ginza-network
2980,shibelon
2981,bepay-finance
2982,polycat-finance
2983,luca
2984,vision-metaverse
2985,d-reit
2986,cheers-land
2987,metabrands
2988,bitcore
2989,knightswap
2990,copiosa
2991,hyperverse
2992,evrynet
2993,blockchain-cuties
2994,block-forest
2995,defrost-finance
2996,bancambios
2997,moongame
2998,armor-nxm
2999,uplift
3000,killswitch
3001,ola-city
3002,seeded-network
3003,nftdao
3004,vivaion
3005,manchester-united-fan-token
3006,bit-2-me
3007,nintia-estate
3008,superdoge
3009,astrospaces
3010,stemx
3011,sphynx-labs
3012,meta-new
3013,1box
3014,lootbox-io
3015,minecrypto
3016,nation-3
3017,bent-finance
3018,luna-pad
3019,grape-protocol
3020,plc-ultima
3021,wolf-game-wool
3022,onyx
3023,playposeidon-nft
3024,empire-token
3025,unityventures
3026,i-money-crypto
3027,revenue-coin
3028,metaq
3029,offshift
3030,concertvr
3031,elephant-money
3032,quint
3033,definity-network
3034,pandora-spirit
3035,deblox
3036,medano
3037,canaryx
3038,gpex
3039,yuzuswap
3040,degis
3041,messier
3042,nabob
3043,samurailegends
3044,game-station
3045,airpay
3046,deliqfinance
3047,code7
3048,giddy
3049,everlens
3050,exchange-genesis-ethlas-medium
3051,gamma-strategies
3052,metanft
3053,movingon-finance
3054,asgard-dao-v2
3055,piratexpirate
3056,finance-blocks
3057,magnachain
3058,gym-network
3059,enterbutton
3060,justmoney
3061,wow-token
3062,itam-cube
3063,structure-finance
3064,banana-index
3065,signin
3066,metaversedao
3067,checkerchain
3068,ibs
3069,amara-finance
3070,popkon
3071,khaos-finance
3072,adalend
3073,ezillion
3074,maneki-neko
3075,malinka
3076,fief-guild
3077,hedron
3078,plutos-network
3079,hearn-fi
3080,anysniper
3081,mechachain
3082,cowcoin
3083,the-swappery
3084,coolhash
3085,fibodex
3086,gempad
3087,uncharted
3088,universe-finance
3089,hyperrun
3090,furio
3091,paid-network
3092,governance-ohm
3093,akitavax
3094,srt
3095,sensible-finance-v3
3096,qitchain-network
3097,metawar
3098,bitkub-coin
3099,wedex
3100,metaderby-hoof
3101,blocksmith-labs-forge
3102,wrapped-tron
3103,lanuna
3104,polygon-hive
3105,ramifi-protocol
3106,handle-fi
3107,ingress
3108,lido-staked-luna
3109,corra-finance
3110,100-days-ventures
3111,orion-money
3112,thorswap
3113,karmaverse
3114,ratio-finance
3115,onerare
3116,salo-players
3117,omax-token
3118,paladin-dao
3119,alkemi-network-dao-token
3120,mytheria
3121,mexican-peso-tether
3122,nft-index
3123,libre-defi
3124,pontoon
3125,yield-protocol
3126,real-realm
3127,frog-inu
3128,solpatrol-bail
3129,metakillers
3130,metaverse-m
3131,nft-stars
3132,yellow-road
3133,humanscape
3134,meta-nebulas-ionz
3135,listen-to-earn
3136,multi-chain-capital
3137,bitcoin-avalanche-bridged
3138,hnb-protocol
3139,jt_etherflyer
3140,golden-goose
3141,metahash
3142,leisuremeta
3143,nody
3144,dionpay
3145,sopay
3146,uttoken
3147,proxi
3148,etherparty
3149,starbase
3150,lunyr
3151,gsenetwork
3152,litecoin-cash
3153,humaniq
3154,dragon-coins
3155,zennies
3156,shadow-token
3157,geocoin
3158,bitcoin-atom
3159,cryptoindex-com-100
3160,bitcoin-incognito
3161,tratok
3162,surf
3163,organix
3164,s4fe
3165,edc-blockchain
3166,inlock
3167,pola_cointiger
3168,earnbet
3169,vindax-coin
3170,steem-dollars
3171,changenow
3172,amon
3173,future1coin
3174,veritaseum
3175,tap
3176,eboostcoin
3177,minebee
3178,sessia
3179,forthbox
3180,givly
3181,dcommunity
3182,ecosc
3183,maxonrow
3184,blackpearl-chain
3185,loa-protocol
3186,itam-games
3187,chartex
3188,sup
3189,global-crypto-alliance
3190,world-token
3191,slimcoin
3192,peerex
3193,aidoc
3194,infinitecoin
3195,adp_etherflyer
3196,zoracles
3197,more-coin
3198,umbria-network
3199,chainium
3200,likecoin
3201,centaur
3202,camp
3203,bitonyx
3204,medishares
3205,nix-bridge-token
3206,bitcoin-white
3207,mysterium
3208,loltoken
3209,viacoin
3210,tealtoken
3211,akn_btcalpha
3212,xvix
3213,snowswap
3214,mute
3215,fnk-wallet
3216,bitcoinz
3217,blockchain-certified-data-token
3218,mp3
3219,smars_pancake-swap
3220,dogecoin20
3221,sommelier
3222,boltshare
3223,degen_uniswap
3224,h2finance
3225,srnartgallery
3226,viralup
3227,x-ecosystem
3228,trustworks
3229,obortech
3230,binahero
3231,moonlift-capital
3232,checoin
3233,nel-hydrogen
3234,arena-token
3235,reflecto-usd
3236,apollo-crypto
3237,moox
3238,drep-new
3239,ureeqa
3240,wrapped-ust
3241,tipsycoin
3242,crown
3243,cumrocket-crypto
3244,super-rare-ball
3245,overlord
3246,brz
3247,nbot
3248,gameswap
3249,kirobo
3250,senspark
3251,metavault
3252,pearl-finance
3253,plasmapay
3254,dama
3255,arte
3256,april
3257,duck_uniswap
3258,cnns
3259,pledgecamp
3260,veriblock
3261,allive
3262,pop-network
3263,baby-doug
3264,tbe_idex
3265,cryptoart
3266,whitecoin
3267,volta
3268,olympus-token
3269,rabbit-finance
3270,nirvana
3271,dao-vc
3272,jumbo-exchange
3273,888tron
3274,defil
3275,gambit-finance
3276,cycan-network
3277,sumswap
3278,bumoon-bumn
3279,rialto
3280,bidz-coin
3281,magic-power
3282,darkmatter-token
3283,wizard
3284,astrogrow
3285,landshare
3286,gm-holding
3287,apex-protocol
3288,citizen-finance
3289,ipulse
3290,crane-miners
3291,tokok
3292,dao-invest
3293,bored-floki-yacht-club
3294,wallstreetbets-dapp
3295,vendit
3296,famcentral
3297,sentiment-token
3298,illiquiddao
3299,cubtoken
3300,lamden
3301,good-bridging
3302,swop
3303,safeswap-online
3304,edufex
3305,yucreat
3306,crazyminer
3307,hedgetrade
3308,crypto-lemon
3309,blocknet
3310,varen
3311,cloudbric-new
3312,hero-arena
3313,flare-finance
3314,decentral-games
3315,sombra
3316,apple-tokenized-stock-mirror
3317,fruits-eco
3318,holdex-finance
3319,hive-investments
3320,smartercoin
3321,poa-network
3322,appcoins
3323,daostack
3324,new-frontier-presents
3325,icecream-finance
3326,pacific
3327,growthdefi
3328,movecash
3329,coinmooner
3330,sparks
3331,represent
3332,coinscan
3333,decentralized-data-crypto-system
3334,idlecyber
3335,mobipad
3336,vicewrld
3337,sator
3338,celolaunch
3339,saffron-finance
3340,nodeify
3341,boomspace
3342,mor
3343,stable-ichi
3344,hummingbird-egg-token
3345,thorstarter
3346,indexed-finance
3347,etherconnect
3348,polysports
3349,soli
3350,inheritance-art
3351,cryptomines-reborn
3352,trazable
3353,bali-token
3354,apecoin-dev
3355,dino
3356,proxy
3357,piggy-protocol
3358,clean-carbon
3359,hlth-token
3360,rubix
3361,shambala
3362,nesten
3363,bulldogswap
3364,hermes
3365,antgold
3366,quadency
3367,kart-racing-league
3368,daoventures
3369,million
3370,kilo-shiba-inu
3371,zagent
3372,skyrim-finance
3373,orakler
3374,cowboy-snake
3375,umi-digital
3376,wemix
3377,univeral-protocol
3378,projectx
3379,cryptogodz
3380,the-lost-throne
3381,treat
3382,shiba-floki
3383,key-tango
3384,cyber-crystal
3385,sokuswap
3386,mainston
3387,unitedcoins
3388,every-game-new
3389,wagyuswap
3390,ipverse
3391,hypersign
3392,united-emirate-decentralized-coin
3393,atlas-dex
3394,chronicum
3395,polar
3396,bitcoin-latinum
3397,blockcloud
3398,yield-hunt
3399,rocket-finance
3400,halo-network
3401,podo-point
3402,niifi
3403,float-protocol
3404,dexalot
3405,toad-network
3406,rune-shards
3407,topmanager
3408,socean-staked-sol
3409,omni-consumer-protocol
3410,tudabirds
3411,loomi
3412,metaversex
3413,polka-domain
3414,5-table-finance
3415,aspo-world
3416,libero-financial
3417,thorwallet
3418,siacashcoin
3419,cindrum
3420,fastest-alerts
3421,zambesigold
3422,ethermon
3423,jpegvault
3424,tokenoid
3425,phoenix-global
3426,xeus
3427,princess-striker-gem
3428,nfans
3429,genesis-vision
3430,portion
3431,bunnypark-game
3432,sklay
3433,ouro
3434,labs-group
3435,core-multichain
3436,cryptohorse
3437,metachess
3438,scar-shares
3439,meta-wars
3440,miniverse-dollar
3441,miniverse-share
3442,smashcash
3443,chain-pet
3444,summit-defi
3445,open-platform
3446,super-doge-bros
3447,launchpad-tg-dao-3
3448,peak-finance
3449,blockify-games
3450,centaurify
3451,ziktalk
3452,crinet
3453,suter
3454,gamefi-protocol
3455,vodra
3456,showcase
3457,partial
3458,idle-mystic
3459,msquare-global
3460,perpetuum-coin
3461,offline
3462,lotus-capital
3463,tresor-finance
3464,outrace
3465,moremoney-usd
3466,tales-of-chain
3467,sheeba
3468,militia-games
3469,adadao
3470,spacexlife
3471,ninebot
3472,turtle-racing
3473,wakanda-inu
3474,splash
3475,compendium-fi
3476,etna-metabolism
3477,x-doge
3478,metacars
3479,soundbox
3480,nftyplay
3481,sway-social-protocol
3482,studyum
3483,marsx
3484,seedling
3485,heroestd-cgc
3486,angels-creed
3487,nooft
3488,last-survivor
3489,tokamak-network-new
3490,surviving-soldiers
3491,playermon
3492,meblox-protocol
3493,octafarm
3494,batasm-protocol
3495,dark-planet
3496,cool-monke-banana
3497,nifty-league
3498,dawn-protocol
3499,mafia-doge
3500,lasereyes
3501,artizen
3502,wrapped-flow
3503,microtuber
3504,mvpad
3505,joe-hat-token
3506,cryptovszombie
3507,ricnatum
3508,solderland
3509,wallstreet-finance-app
3510,playa3ull-games
3511,ethax
3512,matic-launchpad
3513,luniverse
3514,wolf-town-wool
3515,oiler-network
3516,operon-origins
3517,learning-star
3518,gamestar
3519,provenance-blockchain
3520,pkt
3521,fief
3522,comfy-share
3523,shield-protocol-2
3524,qitmeer-network
3525,kwiktrust
3526,informatix
3527,vulcano-gg
3528,ore-network
3529,snailtrail
3530,ecio
3531,arkrivals
3532,smart-donation-coin
3533,dragon-war
3534,claimswap
3535,bold-point
3536,coredao
3537,starfish-os
3538,chikincoin
3539,metaufo
3540,shiba-fame
3541,centerprime
3542,bookshib
3543,eyes-protocol
3544,marble-heroes
3545,magic-of-universe-cra
3546,isengard-nft-marketplace
3547,jurassic-crypto
3548,pollen
3549,metasoccer
3550,yieldly
3551,star-chain
3552,stader-lunax
3553,massive-protocol
3554,trusted-node
3555,akt-io
3556,supreme-finance
3557,exip
3558,starterxyz
3559,meta-skinny-hope
3560,ocavu-network
3561,tanks-for-playing
3562,pegaxy
3563,imminentverse
3564,parastate
3565,magik-finance
3566,dungeon
3567,deversifi
3568,kinetic-money
3569,grimace-coin
3570,monox-protocol
3571,edge
3572,hydraverse
3573,mymasterwar
3574,single-finance
3575,my-crypto-city
3576,dinox
3577,12-ships
3578,blockaura
3579,cashcow
3580,daosquare
3581,bighbull
3582,inpoker
3583,hope-galaxy
3584,fufu
3585,bitsong
3586,froyo-games
3587,bluesparrow-token-new
3588,cairo-finance
3589,pagan-gods-fur-token
3590,stabledoc-token
3591,binspirit
3592,blockpad
3593,good-person-coin
3594,cvault-finance
3595,demole
3596,stima
3597,solpad-finance
3598,verasaw-plant
3599,tracer-dao
3600,hxro
3601,axis-token
3602,jigen
3603,traxx
3604,aax-token
3605,utility-nft-coin
3606,vidulum
3607,loon-network
3608,dodreamchain
3609,n3rd-finance
3610,insureum
3611,rankerdao
3612,iown-token
3613,essentia
3614,shinechain
3615,ugain
3616,swarm-city
3617,carbon-token
3618,polybius
3619,suretly
3620,bitcoin-file
3621,draken
3622,library-credit
3623,jobchain
3624,pumapay
3625,czshares
3626,robet
3627,memetic
3628,bonuscloud
3629,hexx
3630,hapy-coin
3631,tokyo
3632,prime-xi
3633,loopring-neo
3634,red
3635,cajutel
3636,eureka-coin
3637,pantheon-x
3638,grin
3639,mint-2-earn
3640,saylormoon
3641,playfuel
3642,sealblock
3643,propel-token
3644,evedo
3645,crex-token
3646,gentarium
3647,yobit-token
3648,oxbull-tech
3649,hyperone
3650,mov_coinone
3651,multiplier-mxx
3652,trickle
3653,splat
3654,doge-killer
3655,crypto-inu
3656,exodia
3657,inverse-bitcoin-volatility-token
3658,meter-stable
3659,atidium
3660,oryxfi
3661,gate-usd
3662,tad_uniswap
3663,buy-sell
3664,vidya
3665,morpher
3666,attntoken
3667,boletoken
3668,bird-money
3669,metaoctagon
3670,ubix-network
3671,chads-vc
3672,openstream-world
3673,fellaz-token
3674,doge-protocol
3675,swiss-finance
3676,300-fit
3677,mars
3678,bdollar-share
3679,anchor-beth-token
3680,moshiheads
3681,dohrnii
3682,safe-energy
3683,toshimon
3684,superbid
3685,nft-platform-index
3686,nagaswap-token
3687,somnium
3688,carboncoin
3689,tosdis
3690,olympus-v1
3691,signata
3692,erc-20-new
3693,chainsquare
3694,uniq_pancake-swap
3695,crypto-birds
3696,parma
3697,teslafan
3698,yaxis_uniswap
3699,bitmon
3700,black-eye-galaxy
3701,turbowallet
3702,sol-wormhole
3703,yuse
3704,zktube-protocol
3705,marhabadefi
3706,fountain-protocol
3707,btu-protocol
3708,unlock-protocol
3709,intexcoin
3710,genshiro
3711,rofi
3712,elonbank
3713,wizards-and-dragons
3714,phuture
3715,method-fi
3716,xiasi_inu
3717,dappstore
3718,open-proprietary-protocol
3719,legend-of-fantasy-war
3720,platincoin
3721,aniverse
3722,mars-protocol
3723,hitbtc-token
3724,rapidz
3725,metagemmolon
3726,inrtoken_probit
3727,beatzcoin
3728,wmatic
3729,cope
3730,woozoo-music
3731,kalmar
3732,universe-xyz
3733,orao-network
3734,dexfolio
3735,cocktail
3736,foxy-equilibrium
3737,energy
3738,sangkara
3739,ultrasafe
3740,bostrom-new
3741,dr-skull
3742,uncl
3743,club-donkey
3744,ydragon
3745,octofi
3746,relay-token
3747,bizzcoin
3748,bami
3749,photochromic
3750,safeinsure
3751,qubit
3752,snowcrash-token
3753,charitydao
3754,tbcc-labs
3755,connector-coin
3756,airight
3757,sta-token
3758,groupdao
3759,early-bird
3760,defily
3761,dracoo-master-bas
3762,genomesdao
3763,dope-wars-paper
3764,fragments-of-arker
3765,paycer-protocol
3766,airnfts
3767,ternio
3768,kineko
3769,dxdao
3770,regular-presale
3771,vanilla-network
3772,ziontopia
3773,coin-discovery
3774,blocknotex
3775,pibble-new
3776,wonderhero-hon
3777,nada
3778,sola-token
3779,metavie
3780,davinci-coin
3781,subme
3782,elpis-battle
3783,neurochain
3784,waterfall-finance
3785,milkshakeswap
3786,kurobi
3787,leonidas
3788,buffalo-swap
3789,xysl
3790,galaxyheroescoin
3791,b-protocol
3792,main
3793,litedex
3794,diamond-boyz-coin
3795,soccer-hub
3796,tfs-token
3797,enno-cash
3798,petoverse
3799,doont-buy
3800,box-token
3801,maison-capital
3802,elvantis
3803,metaversemgl
3804,brayzin-heist
3805,quartz
3806,vee-finance
3807,kyrrex
3808,rabet
3809,frozentomb
3810,darkshield
3811,freyala
3812,degem
3813,gamezone
3814,zeropay-finance
3815,ruyi-v2
3816,bullshit-inu
3817,bep-20-leo
3818,sponsee
3819,alita-finance
3820,galaxy
3821,inter-milan-fan-token
3822,jokermanor-metaverse
3823,lusd-new
3824,truckcompany
3825,rinnegan
3826,crowd
3827,btcb
3828,elongate
3829,guildfi
3830,seesaw
3831,paragonsdao
3832,gold-nugget
3833,goma-finance-new
3834,integral
3835,high-roller-hippo-clique
3836,bumper
3837,dreamverse
3838,anypad
3839,nft-4-play
3840,aluna
3841,prometheus-token
3842,usechain
3843,ridotto
3844,sunflower-finance
3845,seek-tiger
3846,viral-token
3847,chain-estate-dao
3848,pokerfi
3849,move-network
3850,api-inu
3851,marble-dao
3852,altair
3853,milkywayex
3854,boryoku-genesis-dragonz-index
3855,wrapped-moonbeam
3856,bitorbit
3857,terareum
3858,boku
3859,husky-avax
3860,philcoin
3861,the-dynasty
3862,honeybee
3863,gyro
3864,apein
3865,fastswap
3866,lyocredit
3867,tribe-land
3868,defi-empire-gold
3869,bsc-memepad
3870,simpli-finance
3871,xmark
3872,revolution
3873,farmers-world-wood
3874,dogecolony
3875,meme-com
3876,cloudchat
3877,socialswap
3878,otium-tech
3879,bts-chain
3880,nelo-metaverse
3881,concrete-codes
3882,metahero-universe
3883,embr
3884,aerovek-aviation
3885,mundo
3886,fomoeth
3887,stay-in-destiny-world
3888,x-2
3889,squidgametoken
3890,ecowatt
3891,fino-dao
3892,vr-blocks
3893,bnpl-pay
3894,metaseer
3895,asia-pacific-electronic-coin
3896,bicyclefi
3897,haino-new
3898,jswap-finance
3899,macaronswap
3900,hera-finance
3901,mondo-community-coin
3902,shadowsnetwork
3903,anyswap
3904,arsenal-fan-token
3905,metaspets
3906,dogeswap-token
3907,arbis-finance
3908,pulsemoon
3909,age-of-tanks
3910,bsdium
3911,dappsy
3912,vive-la-bouje
3913,stadium
3914,dexigas
3915,pexcoin
3916,thaicoin
3917,mytvchain
3918,renzec
3919,shelling
3920,the-garden
3921,dragonball-coin
3922,keystone-of-opportunity-knowledge
3923,kassandra
3924,factom
3925,moonscapegame
3926,homerun-token
3927,orakuru
3928,mech-master
3929,meebitsdao-pool
3930,moon-eye
3931,royal-gold
3932,stepc
3933,arowana-token
3934,multipad
3935,charli-3
3936,notable
3937,brewlabs
3938,fertilizer
3939,unclemine
3940,metaderby
3941,krida-fans
3942,solar-energy
3943,karastar
3944,anb_biki
3945,four_latoken
3946,fanverse
3947,origo-network
3948,highest-yield-savings-service
3949,metaniagames
3950,flash-loans
3951,dbx
3952,billionaire-plus
3953,drops
3954,stripto
3955,maincoin
3956,etna-network
3957,gamifi
3958,castello-coin
3959,pw-gold
3960,meta-speed-game
3961,tiger-king
3962,stilton-musk
3963,hubcoin
3964,altrucoin-new
3965,final-frontier
3966,marsdao
3967,cronaswap
3968,kyteone
3969,gate
3970,rug-radio
3971,coreum
3972,voice-street
3973,eac
3974,cens-world
3975,exp
3976,doragonland
3977,revolve-games
3978,avocado
3979,monster-battle
3980,metanevolutions
3981,foodchain-global
3982,hamster-money
3983,qmall
3984,kyoko
3985,neighbourhoods
3986,inu-base
3987,dumpbuster-new
3988,world-of-cryptoids
3989,vm-tycoons
3990,reflex-finance
3991,sandwich-network
3992,lyra-finance
3993,revault
3994,alpha-kongs-club
3995,couponbay
3996,sleep-ecosystem
3997,pige-inu
3998,clifford-inu
3999,petaverse
4000,boring-protocol
4001,jelly
4002,waultswap-new
4003,sport-investing
4004,web3-game
4005,fistiana
4006,helena-financial
4007,dreamy-undersea-world
4008,kakashi-sensei
4009,marnotaur
4010,arti-project
4011,h-2-o
4012,keyfi
4013,metarobox
4014,hermes-defi
4015,ashward
4016,pandadao
4017,beacon-eth
4018,anonverse
4019,alphatoken
4020,lucid-lands
4021,crownsterling
4022,nft-champions
4023,sekuritance-new
4024,catapult
4025,flamengo-fan-token
4026,oogear
4027,iassets
4028,drover-inu
4029,mapt-coin
4030,darth
4031,omnisphere-dao
4032,kinetic-synthetic-ust
4033,gecoin
4034,origyn-foundation
4035,integritee
4036,startfi
4037,ultronglow
4038,justcarbon
4039,atem
4040,marblex
4041,ariadne
4042,butterfly-protocol
4043,petsneaker
4044,konnect
4045,xcdot
4046,yieldlock
4047,yellowheart-protocol
4048,naga-kingdom
4049,matrix-labs
4050,2crazynft
4051,polymesh
4052,scaleswap
4053,cryptogram
4054,gamyfi
4055,pyramidwalk
4056,xido-finance
4057,stake
4058,mdb-plus
4059,secret-blockchain
4060,euler-tools
4061,golden-token
4062,culture-ticket-chain
4063,lockchain
4064,rowan-token
4065,joint-ventures
4066,lbank
4067,axis-defi
4068,bounty0x
4069,gleec
4070,privatix
4071,tesra
4072,mata
4073,digifinextoken
4074,animalgo
4075,medical-chain
4076,coinfi
4077,galaxy-essential
4078,king-directed
4079,ezystayz
4080,croat
4081,bnktothefuture
4082,skillchain
4083,bitcoin-green
4084,parkingo
4085,delphy
4086,everus
4087,xaurum
4088,decent-bet
4089,sphere
4090,sumokoin
4091,mib-coin
4092,nevacoin
4093,cryptaur
4094,sinovate
4095,cryptofranc
4096,html-coin
4097,intellishare
4098,tenup
4099,assemble-protocol
4100,28vc
4101,emirex-token
4102,buildup
4103,skrumble-network
4104,infinity-arena
4105,digidinar
4106,jd-coin
4107,fff_mxc
4108,forestplus
4109,xio
4110,ubu-finance
4111,acryptos
4112,pacoca
4113,rush-token
4114,fuzex
4115,ach_p2pb2b
4116,dexkit
4117,everycoin
4118,cat-token
4119,myworld
4120,akropolis-delphi
4121,ibp_coinone
4122,seth_uniswap
4123,snowge_pancake-swap
4124,r34p
4125,basis-cash
4126,xensor
4127,eventchain
4128,sparkpoint-fuel
4129,neutrino-system-base-token
4130,lemochain
4131,coral-dex
4132,k-tune
4133,rake-finance
4134,vidyx
4135,combo
4136,reddcoin
4137,xeno-token
4138,blue-whale
4139,qiswap
4140,patientory
4141,time-coin-protocol
4142,iron-finance
4143,pornrocket
4144,pofi
4145,kick-pad
4146,swirl-cash
4147,octans
4148,my-liquidity-partner
4149,unilab
4150,gastream
4151,folder-protocol
4152,futurefi
4153,nominex
4154,zeppelin-dao
4155,treedefi
4156,wliti
4157,lemond
4158,sheesha-finance
4159,onus
4160,bonfire
4161,nftlaunch
4162,7-pixels
4163,rev_etherflyer
4164,insured-finance
4165,wbnb
4166,safemoney
4167,moonpot
4168,carry-protocol
4169,revolution-games
4170,royale-finance
4171,pancake-hunny-new
4172,brn-metaverse
4173,dopewarz
4174,vector-finance
4175,cloudname
4176,xrun
4177,mland
4178,jetset
4179,kebab-token
4180,nahmii
4181,originate-coin
4182,kstarcoin
4183,ripio-credit-network
4184,value-relationship-storage
4185,fractal
4186,trubadger
4187,cronospad
4188,wolf-safe-poor-people
4189,dos-network
4190,only-gems-finance
4191,pist-trust
4192,qbao
4193,playchip
4194,digitalnote
4195,bkex-chain
4196,bscex
4197,kuma-inu
4198,d-3
4199,numisme
4200,payprotocol-paycoin
4201,herofi
4202,woonkly-defi
4203,cafeswap-token
4204,berry-data
4205,coinmerge
4206,boost-coin
4207,defi-warrior
4208,yield-yak
4209,bitrue-coin
4210,tiny-colony
4211,pillar
4212,aggregatedfinance
4213,scan-de-fi
4214,pocket-doge
4215,hex
4216,fishing-town
4217,pet-games
4218,88mph
4219,vesq
4220,assangedao
4221,ash
4222,rhythm
4223,scvfinance-token
4224,dehr
4225,lumi-credits
4226,mu-continent
4227,picipo
4228,play-it-forward-dao
4229,elk-finance
4230,corgiswap
4231,logitron
4232,lido-finance-wsteth
4233,lina-review
4234,digixdao
4235,hashgard
4236,byteball
4237,rebaked
4238,impossible-finance
4239,effect-ai
4240,brainiac
4241,greenair
4242,laqira-protocol
4243,airbloc
4244,soldate-token
4245,meshswap-protocol
4246,kattana
4247,rasta-finance
4248,loud-market
4249,happy-land
4250,all-coins-yield-capital
4251,herocatgamefi
4252,joltify
4253,octaplex-network
4254,newb-farm
4255,runblox
4256,flexcoin
4257,jpool
4258,polygon-hbd
4259,luckydoge
4260,defiai
4261,mouse-haunt
4262,metaoneverse
4263,gg-token
4264,myteamcoin
4265,almond
4266,one-ring
4267,melo-token
4268,kelvpn
4269,nelore-coin
4270,pmail
4271,bsclaunch
4272,vince-chain
4273,wsb-sh
4274,velox
4275,terrausd-wormhole
4276,harmes-shares
4277,lightning-new
4278,label
4279,moma-protocol
4280,obrok-token
4281,totem
4282,gladian
4283,smartofgiving
4284,micropets
4285,total-crypto-market-cap
4286,merchant-token
4287,checkdot
4288,covicoin
4289,otherdao
4290,continuum-finance
4291,natural-farm-union-protocol
4292,swirge
4293,gaming-stars
4294,vibranium
4295,synapse-network
4296,three-kingdoms
4297,new-paradigm-assets-solution
4298,pintu-token
4299,metaversepro
4300,pdollar-share
4301,blin-metaverse
4302,metagods
4303,foodpay
4304,balloonsville-air
4305,rendoge
4306,tokenarium
4307,chargedefi-static
4308,elis
4309,enex-space
4310,happyland-reward-token
4311,bitcoin-classic-bgh
4312,metapplay
4313,community-vote-power
4314,usdh
4315,digg
4316,banana
4317,chargedefi
4318,artm
4319,linkka
4320,pappay
4321,anji
4322,erugo-world-coin
4323,sundaeswap
4324,polars
4325,wepiggy
4326,battle-hero
4327,gforce
4328,xtoken
4329,mobius-finance
4330,musk-metaverse
4331,wrapped-pkt
4332,wrapped-ducatusx
4333,one-pearl
4334,bingo-game
4335,lot-trade
4336,freedom-god-dao-new
4337,oloid
4338,apocalypse
4339,bxh
4340,all-sports
4341,billion-token
4342,steakhut-finance
4343,unicandy
4344,horizondollar
4345,dao-land
4346,loof
4347,interstellar-domain-order
4348,gro-dao-token
4349,youclout
4350,puzzle-and-dragons-x
4351,rbicycle
4352,vapornodes
4353,black-whale
4354,phantasia
4355,maximizer
4356,crypto-zero-fi
4357,soul-swap
4358,crypto-shield
4359,the-nature-token
4360,bloggercoin
4361,plant-empires
4362,tr3zor
4363,oogi
4364,strongnode
4365,brixel-war
4366,heropark
4367,ghostmarket
4368,heroverse
4369,thoreum-v2
4370,cpucoin
4371,lovepot-token
4372,unium
4373,crypto-perx
4374,pet-alliance
4375,crypto-media-network
4376,obsidium
4377,y-5-finance
4378,space-ore
4379,starkmeta
4380,solcubator
4381,hydrogen-token
4382,unvest
4383,yachtx
4384,wrapped-solana
4385,happy-fans
4386,moon-nation-game
4387,heroesofnft
4388,odin-platform
4389,xircus
4390,metaplace
4391,colony-clny
4392,solclout
4393,bitpanda-ecosystem-token
4394,cheesus-defi
4395,lords
4396,stepd
4397,supa-foundation
4398,lockness
4399,arkarus
4400,hummus
4401,arc-token
4402,usd-balance
4403,the-plant-dao
4404,orkan
4405,wavax
4406,digital-financial-exchange
4407,astronaut
4408,babylons
4409,icommunity-blockchain-solutions-ibs
4410,astroswap
4411,bundles
4412,nirvana-ana
4413,flov-market
4414,bobcoin
4415,a-hunters-dream
4416,atlantis-metaverse
4417,leisurepay
4418,flying-colours
4419,boom
4420,den-domains
4421,clock-24
4422,meta-world
4423,insights-network
4424,moonfarm-finance
4425,ring
4426,apollo-dao-new
4427,dovu
4428,xiden
4429,fancy-games
4430,templardao
4431,runner-land
4432,wanaka-farm
4433,lord-arena
4434,cherish
4435,skydos
4436,betero
4437,naffiti
4438,muesliswap
4439,bitcoin-god
4440,apeusd
4441,kyuubi
4442,defihorse
4443,dshares
4444,mykingdom
4445,fantom-libero-financial
4446,kompete
4447,cybloc-battery-token
4448,apex-predator
4449,gear
4450,fluidfi
4451,metalandz
4452,pokelon
4453,solily-protocol
4454,loopswap
4455,thales
4456,dao-farmer-dfg
4457,shuey-rhon-inu
4458,dot-oracle
4459,vase-token
4460,revoland
4461,vehicle-mining-system
4462,filecoin-standard-full-hashrate-token
4463,apple
4464,dddx
4465,muu-inu
4466,battleverse
4467,vulkania
4468,sincere-cate
4469,gametree
4470,tycoon-zone
4471,supremacy
4472,wikicat
4473,bficoin
4474,crypto-vault
4475,honorland
4476,solidly
4477,equalizer-finance
4478,wam
4479,era7-game-of-truth
4480,zebec-protocol
4481,swapp
4482,idle
4483,green-life-energy-token
4484,oceans-finance
4485,basis-markets
4486,nudes
4487,bh-network
4488,vent-finance
4489,gnome-mines
4490,bluebenx
4491,cortexdao
4492,notional-finance
4493,metaversepay
4494,rage-fan
4495,finxflo
4496,goosefx
4497,mancium
4498,vetter-token
4499,collector-coin
4500,argo
4501,tradestars
4502,cashthai
4503,9-d-nft
4504,qfora
4505,calaswap
4506,shibmoon
4507,got-guaranteed
4508,myownitem-v2
4509,waggle-network
4510,boo-finance
4511,so-cal
4512,syncfab
4513,mars-ecosystem-governance-token
4514,webuy
4515,oceanex
4516,cusd-currency
4517,eleven-finance
4518,unlimitedip
4519,scriv-network
4520,shipchain
4521,gohelpfund
4522,blackmoon
4523,gold-coin-reserve
4524,substratum
4525,zebi
4526,golden-ratio-coin
4527,levolution
4528,hintchain
4529,mercury
4530,gobyte
4531,governor-dao
4532,digidinar-token
4533,bitcoin-vault
4534,kred
4535,luna-rush
4536,1world
4537,apn_uniswap
4538,brother-music-platform
4539,aryacoin
4540,fisco
4541,equal
4542,pundi-x-nem
4543,mex
4544,zero
4545,bitcoin-21
4546,stronghands
4547,ros-coin
4548,growingfi
4549,litecoinpos
4550,astar
4551,i-will-poop-it-nft
4552,mindol
4553,kalissa-v2
4554,neoworld-cash
4555,membrana
4556,invictus-hyperion-fund
4557,hazza-network
4558,secret-erc-20
4559,prizm
4560,compound-usdt
4561,mobile-crypto-pay-coin
4562,gny
4563,onigiri
4564,axe
4565,blockwrk
4566,decentralized-vulnerability-platform
4567,aeron-
4568,emogi
4569,otcbtc-token
4570,ravenprotocol
4571,bezant
4572,stone-defi
4573,bitcoinpos
4574,x42-protocol
4575,platinum-finance
4576,cache-gold
4577,reflect-finance
4578,shisha
4579,linka
4580,mogu
4581,aim_hitbtc
4582,lucy
4583,wings
4584,australian-safe-shepherd
4585,relevant-network
4586,sake-token
4587,alaya
4588,lotto-nation
4589,cryptotask
4590,stableusd
4591,mixtrust
4592,zyro
4593,scryinfo
4594,quiverx
4595,ilcoin
4596,wadz-pay
4597,evo-finance
4598,tnc-coin
4599,vericoin
4600,duke_uniswap
4601,geyser
4602,fc_forkdelta
4603,efin-decentralized
4604,carbon
4605,energyfi
4606,browniesswap
4607,gains-farm-v2
4608,pando
4609,communique
4610,pocoland
4611,czbnb
4612,xblzd_pancake-swap
4613,mma-gaming
4614,ethica
4615,spider-dao
4616,polka-ventures
4617,finminity
4618,mmaon
4619,military-finance
4620,nrch_uniswap
4621,sora-validator-token
4622,xfai
4623,monopolist
4624,metagamz
4625,xceldefi
4626,daf_bittrex
4627,lion-token
4628,trustpad
4629,shazu
4630,synesis-one
4631,b21
4632,bithashex
4633,aloha
4634,insure
4635,piratera
4636,cyber-fi
4637,zero-tech
4638,kambria
4639,pantherswap
4640,genebank-token
4641,metaswap
4642,tribalpunk-cryptoverse
4643,invi
4644,shield-protocol-token
4645,tryhards
4646,shield-network-new
4647,creampye
4648,block-monsters
4649,welnance-finance
4650,gold-secured-currency
4651,afro-moon-dog
4652,whole-network
4653,echoin
4654,rogin
4655,stash-capital
4656,pchain
4657,cardence-io
4658,cryptotycoon
4659,your-future-exchange
4660,zimbocash
4661,mixin
4662,rocket
4663,plair
4664,xion
4665,b-link
4666,gunstar-metaverse-currency
4667,rune-farm
4668,digitex-futures
4669,cycle-finance
4670,stopelon
4671,hotdoge
4672,bitmic
4673,agoras-tokens
4674,copuppy
4675,kaby-arena
4676,data-exchange
4677,ubiq
4678,torg
4679,toncoin
4680,cryptobattles
4681,binstarter
4682,volt-inu
4683,mirai-token
4684,socaverse
4685,aggregatedfinance-v2
4686,vknf_probit
4687,satoshi-city
4688,kanaloa-network
4689,tundra-token
4690,ara-blocks
4691,trustercoin
4692,endgame-token
4693,remme
4694,virgo
4695,creditum
4696,dragon-kart
4697,bond-appetite-usd
4698,meme-lordz
4699,waiv-care
4700,bit-store
4701,bscwin-bulls
4702,seed
4703,berylbit
4704,ttx-games
4705,fungie-dao
4706,kryza-network
4707,metaverse-miner
4708,traders-coin
4709,gamecredits
4710,everex
4711,ledgity
4712,spark-era
4713,flatswap
4714,electric-vehicle-direct-currency
4715,karus-starter
4716,topchain
4717,code-7-shares
4718,the-spartans
4719,shoppi-coin
4720,ventiswap
4721,smartmesh
4722,doge-dash
4723,metaverse-exchange
4724,harambe-protocol
4725,dehive
4726,orbler
4727,crime-gold
4728,echidna
4729,creaticles
4730,jimngame
4731,boorio
4732,animverse
4733,moneydefiswap
4734,tbtc
4735,gamesta
4736,bittorrent
4737,uranium-finance
4738,crogecoin
4739,portify
4740,monsterquest
4741,weth
4742,rugzombie
4743,ellipsis
4744,dare-nft
4745,cryptobike
4746,fintropy
4747,ginza-eternity
4748,ormeus-coin
4749,coinversation
4750,yay-games
4751,egoras-rights
4752,woop
4753,acu-platform
4754,bee-inu
4755,cryptotanks
4756,earncraft
4757,fren-token
4758,quoth
4759,hupayx-new
4760,alyattes
4761,iron-bank
4762,monster-galaxy
4763,day-by-day
4764,snowtomb
4765,beurop
4766,keys-token
4767,friesdao
4768,aetherius
4769,whole-earth-coin
4770,wrapped-paycoin
4771,heron-asia
4772,vrtrinity
4773,harmony-launcher
4774,nft-royal-token
4775,moniwar
4776,corestarter
4777,heroes-and-empires
4778,hashland-coin
4779,beau-cat
4780,pixelverse
4781,wiva
4782,supe-infinity
4783,force-of-nature
4784,lucky-block
4785,blockblend
4786,magic-cube-finance
4787,4-stock
4788,pulse-token
4789,wallet-pay
4790,goldario
4791,artificial-intelligence
4792,super-soccer
4793,bee-financial
4794,milestonebased
4795,bitvalley
4796,tahu
4797,wso
4798,portuma
4799,binance-multi-chain-capital
4800,monaco-planet
4801,bunnyverse
4802,h-2-o-ocean
4803,dawg
4804,4move
4805,haven-token
4806,regen-network
4807,axion-new
4808,memebank
4809,payz-payments
4810,oly-sport
4811,dfuture
4812,xcarnival
4813,chain-wars
4814,soakmont
4815,don-key
4816,bfg-token
4817,safe
4818,icecream-shares
4819,squid-game
4820,light-year
4821,crossswap
4822,hedgepay
4823,ari10
4824,gallant
4825,alephium
4826,corginftgame
4827,luart
4828,xolo-inu
4829,bshare
4830,deffect-ai
4831,lenda
4832,engine-token
4833,juicebox
4834,coinracer
4835,roi-token
4836,lemonchain
4837,magic-elpis-gem
4838,gerowallet
4839,knights-of-fantom
4840,justcarbon-removal
4841,proto-reality-games
4842,vodka-token
4843,starsharks-sea
4844,poken
4845,metavisa
4846,chainlist
4847,arc
4848,metafinance
4849,onbuff
4850,firezard
4851,dinger-token
4852,angle
4853,starchi
4854,dfsocial-gaming
4855,meta-world-game
4856,nftbomb
4857,dlp-duck-token
4858,terra-name-service
4859,meverse
4860,a4-finance
4861,hawksight
4862,puff
4863,frz-solar-system
4864,0xdao
4865,babydrip
4866,wealthsecrets
4867,tari-world
4868,dexpools
4869,entropyfi
4870,fantasm-fsm
4871,bright-union
4872,chaincorn
4873,the-meebits
4874,metronome
4875,leon-token
4876,harambe
4877,cat
4878,guzzler
4879,dusd-network
4880,ascend-node-club
4881,hat-swap-city
4882,metapay
4883,rainicorn
4884,artik
4885,topshelf-finance
4886,delta-fi
4887,infinite-ecosystem
4888,anonpay
4889,atlas-cloud
4890,alpaca-usd
4891,precious-clean-energy
4892,dark-land-survival
4893,zro
4894,gateway-protocol
4895,laddercaster
4896,chainflix
4897,rainbow-token-2
4898,benqi-liquid-staked-avax
4899,irena-green-energy
4900,trustnft
4901,sports-2-k-75
4902,diabolo
4903,pallas-finance
4904,huobi-btc
4905,cylum-finance
4906,crypto-stake-token
4907,vcgamers
4908,polkaex
4909,neta
4910,metadoctor
4911,uxd-protocol
4912,alphadex
4913,hamster-share
4914,ludena-protocol
4915,enigma-token
4916,smaugs-nft
4917,comfy
4918,gode-chain
4919,babyokx
4920,amgen
4921,solchicks-shards
4922,metafighter
4923,space-sip
4924,baby-manchester-city
4925,pizza-inu
4926,metaverse-all-best-ico
4927,luxy
4928,shield
4929,keeps-coin
4930,defi-land-gold
4931,serum-ecosystem-token
4932,tradao
4933,stobox
4934,reallink
4935,dust
4936,galleon-dao
4937,export-motors-platform
4938,hoppers-game
4939,streeth
4940,luxtto
4941,phantasma-energy
4942,inftspace
4943,tdex-token
4944,polycub
4945,stelia
4946,mymessage
4947,cougar
4948,mystic-poker
4949,milo-inu
4950,baby-pokemoon
4951,darkopera
4952,digicorp
4953,nomadland
4954,helpseed
4955,instaraise
4956,clonex
4957,ark-of-the-universe
4958,ten-wallet
4959,utu
4960,frax-price-index-share
4961,blatform
4962,ftribe-fighters
4963,btrips
4964,neuralink
4965,dotori
4966,niftypays
4967,lithosphere
4968,probably-nothing-new
4969,lition
4970,5-km
4971,tempus
4972,emit-water-element
4973,aag-ventures
4974,gulf-coin
4975,brokoli
4976,exobots
4977,verlux
4978,unreal-finance
4979,clubrare-empower
4980,5-km-run
4981,the-soldiers-gold
4982,knit-finance
4983,domi-online
4984,blockcdn
4985,metrix-coin
4986,indi-gg
4987,duet-protocol
4988,perion
4989,kawaii-islands
4990,frozen-walrus-share
4991,idm-token
4992,metamerce
4993,goatgang
4994,bikearn
4995,yoda-coin-swap
4996,euler
4997,joystick-games
4998,hello-art
4999,snake-city
5000,wenlambo-new
5001,buck-hath-coin
5002,geodb
5003,treecle
5004,exosis
5005,bitcoinx
5006,teloscoin
5007,emercoin
5008,tokencard
5009,swarm-fund
5010,zcore
5011,defire
5012,bitok
5013,vexanium
5014,peercoin
5015,zeusshield
5016,myriad
5017,etheroll
5018,eltcoin
5019,key
5020,coinsbit-token
5021,block-18c
5022,typerium
5023,paparazzi
5024,game
5025,bmail
5026,electrumdark
5027,mytoken
5028,usd-coin-avalanche-bridged-usdc-e
5029,1irstgold
5030,insight-protocol
5031,cricketstarmanager
5032,blocplatform
5033,lux-bio-cell
5034,dentacoin
5035,og-fan-token
5036,coinswap-space
5037,kling
5038,futurocoin
5039,meconcash
5040,genix
5041,elama_bitforex
5042,empty-set-dollar
5043,metacoin
5044,silverway
5045,meetone
5046,kittenfinance
5047,sync-network
5048,filestar
5049,8x8-protocol
5050,pig-finance
5051,etherpay
5052,vrynt
5053,conceal
5054,jarvis-network
5055,evereth
5056,ditto
5057,verso-token
5058,carnomaly
5059,fire-protocol
5060,zap
5061,jumpn
5062,crypto-bay
5063,polis
5064,superlauncher
5065,xrhodium
5066,bulk-network
5067,crypto-chip
5068,rareballshares
5069,hunter-crypto-coin
5070,eddaswap
5071,apy-finance
5072,everlasting-parachain
5073,celeb
5074,pixel
5075,fortress
5076,dragonvein
5077,based-finance
5078,ost
5079,avme
5080,einsteinium
5081,fanadise
5082,wrapped-moonriver
5083,realfevr
5084,olive_pancake-swap
5085,venus-reward-token
5086,dingo-token
5087,safehamsters
5088,leaguedao-governance-token
5089,oxydev
5090,hydrogen
5091,spark-finance
5092,crosswallet
5093,lunchdao
5094,bamboo-defi
5095,hashtagger
5096,vabble
5097,mini-baby-doge
5098,gems-protocol
5099,vnxlu
5100,charlie-finance
5101,easyfi-new
5102,tokenomy
5103,safelaunch
5104,ebisu
5105,revomon
5106,fitscrypt
5107,artrade
5108,plato-farm
5109,adam-oracle
5110,project-txa
5111,dibs-share
5112,alinx
5113,xodex
5114,metis
5115,mintyswap
5116,ripae-avax
5117,idena
5118,quizarena
5119,manga-token
5120,yaki-gold
5121,rewards
5122,ghost-trader
5123,spartacus
5124,metamui
5125,footie-plus
5126,magic-beasties
5127,teddy-cash
5128,banca
5129,chihuahuax
5130,cannumo
5131,ulti-arena
5132,digichain
5133,poseidon
5134,halfpizza
5135,refi
5136,pancake-games
5137,memenopoly-money
5138,coinalpha
5139,forefront
5140,multiverse-token
5141,bright-token
5142,universe-island
5143,altbase
5144,freedom-protocol
5145,crir-msh
5146,bull-coin
5147,surge-inu
5148,samuraibattle
5149,eco-defi
5150,drivenx
5151,pornverse
5152,cross-chain-bridge-token
5153,flypaper
5154,asia-coin
5155,defi-stoa
5156,step-hero-soul
5157,small-fish-cookie
5158,kangal
5159,zoo-labs
5160,ioe-x
5161,squishiverse
5162,nowlage-coin
5163,tarality
5164,rice-wallet
5165,green-meta
5166,sound-coin
5167,meta-mvrs
5168,allbridge
5169,azit
5170,citrus
5171,cvip
5172,wheat
5173,netswap
5174,moonrock
5175,ellipsis-new
5176,teddy-dollar
5177,falcon-nine
5178,farmpoly
5179,pandora-protocol
5180,incube-chain
5181,cure-token
5182,resource-protocol
5183,liquidus
5184,oraclechain
5185,bee-capital
5186,luxo
5187,alpha-pad
5188,monster-adventure-token
5189,llamaverse
5190,dogeon
5191,metroverse
5192,kingspeed
5193,buffaloswap-red
5194,friends-with-benefits
5195,doom-hero-dao
5196,cryptomeda
5197,adsense-token
5198,yes-no
5199,penguin-finance
5200,gale-network
5201,metfi
5202,anchorswap
5203,kondux
5204,beast-nft
5205,shoefy
5206,belka
5207,solar
5208,parasol-finance
5209,wrapped-fantom
5210,xenon-pay
5211,aegis-launchpad
5212,quantic
5213,hotmoon
5214,hobbs-networking
5215,zoo-crypto-world
5216,goldminer
5217,go-ride
5218,scalara-nft-index
5219,stabilize-token
5220,raiders-nft
5221,metaverse-box-game
5222,summit-koda-token
5223,kainet
5224,eifi-finance
5225,hackerlabs-dao
5226,amplify
5227,retro-defi-rcube
5228,wasdaq-finance
5229,anomus
5230,cryptoids-game-coin
5231,specter-share
5232,graphene
5233,arabic
5234,updefi
5235,safeaffinity
5236,esg
5237,wonderhero
5238,cashera
5239,m-7-v-2
5240,bored-ape-social-club
5241,satoshistreetbets
5242,solex-finance
5243,alpha-brain-capital-2
5244,allbestico
5245,class-coin
5246,galaxy-finance
5247,sugar-bounce
5248,dexshare
5249,octopus-protocol
5250,kaby-gaming-token
5251,atlantis-loans
5252,tvgcoin
5253,raven
5254,0xpad
5255,jeritex
5256,binarydao
5257,nosana
5258,bolide
5259,pixel-swap
5260,blink
5261,wagmi-game
5262,yarloo
5263,multiversepad
5264,pulsedogecoin
5265,chikn-egg
5266,meta-finance
5267,nobelium
5268,fipi
5269,moss-carbon-credit
5270,blocks
5271,srnartgallery-tokenized-arts
5272,defiplaza
5273,mishka-badbears
5274,peakmines-peak
5275,hughug
5276,crypto-snack
5277,rens-token
5278,tokonft
5279,webooswap
5280,lumenswap
5281,moneyrain-finance
5282,cryptodicehero
5283,fairy-forest
5284,hybrid
5285,suprenft
5286,musk-gold
5287,herocatkey
5288,megaweapon
5289,nxtech-network
5290,rich-dao
5291,victory-gem
5292,superbonds
5293,fantom-maker
5294,kimchi-finance
5295,gadget-war
5296,devikins
5297,wonderland
5298,butterflydao
5299,vizslaswap